x1,x2,x3,x4,x5,x6,y
0.2846266291971113,-0.4653968851339022,-0.3584654466336771,-1.0,0.5505717544662916,0.7520495453183921,0.9294472418760146
-0.5006775454244667,-1.0,0.6803317144779526,-0.73128746479232,0.037488404358434035,-1.0,7.130765592789156
-1.0,-0.8169093305206286,0.1529491081073403,0.5532044561300543,1.0,0.23390515557312824,1.430338880971695
1.0,1.0,1.0,1.0,0.5869110000988822,0.3560670513485427,-6.660231505000516
0.17773735864323337,-1.0,-0.8730070020856782,-0.578782773995232,1.0,-0.0909114296101316,-2.8189101898094746
0.08067976357235329,1.0,0.35180715764265424,0.41997456374926245,-0.844661494986063,-0.02960212363854059,-0.7215757841640578
0.21063242263210213,0.1443622546822183,-0.2142534229948887,0.7169926733820695,-0.0314280174300669,-1.0,2.655903655430867
-1.0,-0.14237697820003836,-0.8159346413422903,-0.5519116799901477,0.10512860718159966,0.9575101171402967,4.546234380933514
-1.0,-0.9786968348226641,-0.916825644588512,-0.5467673800693069,-0.24569835846433197,0.0484139565104485,-5.179547580702959
0.702787416231943,-0.6430747620531959,-0.4845045360250225,-0.13488389037588672,-0.04707540569851815,-0.21682102139066411,-0.05773466346560503
0.10380568480439112,0.19239861612192471,-1.0,0.4096192063717069,0.22134880141523414,1.0,6.824012548188923
-1.0,-0.9929325887106346,-1.0,-1.0,1.0,1.0,-1.101613160068314
0.10645533983895183,0.23730473567470745,1.0,0.9343533376673548,-1.0,-0.584682987101825,0.033198808341183134
-0.3121998460037214,-1.0,-1.0,-0.7229080307872675,-1.0,-0.9505751104146649,3.2146812097634476
-0.9433577508897907,-1.0,0.3721551903865192,-0.6899716164671749,-1.0,-0.0313514621712197,1.1532273737716205
-1.0,-0.18380323605872828,-0.1843499469809322,-1.0,0.18513056127388527,-1.0,5.099106114484771
-0.3095915646785101,-1.0,0.6517025872152514,0.10588888969349813,-0.038472159079398605,-0.7971130212546074,3.9830581381947594
1.0,1.0,-0.5706704480733182,0.3695510608975339,0.13342457973554356,0.5946783897707288,3.1069411589404914
-0.7298964180713459,-1.0,-1.0,-0.618179771742829,0.8795622502784547,0.5741922133402002,-2.821126358770873
-0.7625443789012573,-0.7633002216364053,-0.2788220822353429,-0.6132028735625008,1.0,0.08374437873386176,1.0747110897913883
0.5228129460149791,-0.6559498506569598,-1.0,-0.7771316243073608,-0.4906415480968175,-0.40372306053438645,1.3140475816740453
-1.0,-1.0,-0.3493912529711869,-0.9923016697075628,-1.0,-1.0,4.796231886495745
0.6921762916751396,-0.16650641677443168,1.0,-0.23334446980351709,0.13851132869914617,0.8406558899214196,-3.4110722475521484
-0.8211445057018485,-0.6498625699115619,0.19539336684344266,0.0611969181634473,-0.04181701154353645,-0.2184227506811136,0.8672174265171735
-0.08330504460866162,0.15663186684951258,-1.0,-0.812721430694283,-0.14968317481750837,0.6269569685199811,2.246204569463697
-0.7460507470901923,-0.030210013210883457,-0.9188565436428275,0.720522416459779,-0.07310786650110168,0.49612564690284855,0.8747261717970252
0.5590456166640749,0.8855531343269762,0.709624627288463,-0.24303499143586607,1.0,-0.30145892651631945,-2.339528471038611
-0.6243060107343735,0.9571524547789402,-0.11348835643516224,0.2551261796102792,-0.578399489768089,-0.7850690309216459,-0.9962510185512317
0.36505068815041847,0.10297759154924424,0.29182603547173513,-1.0,0.8769645749959152,1.0,2.8937572501021993
-0.5705169019200718,-0.12457371241087423,-1.0,-1.0,0.8660191689011456,0.3071384438730199,0.7688210292129863
0.6045327030144252,-0.3528839581229167,1.0,0.7975587067434025,0.8005648288235887,1.0,-2.5678277340395184
0.20818660479823148,0.8515200766480142,-1.0,0.9682689879632906,-0.5691476208094882,0.1613038317273613,2.7323525630388037
-0.7108161463313243,-1.0,-0.9912233934617836,-0.21921239073872656,-0.6641699798079295,-0.708347068378901,-2.148377551504121
0.39583941558969515,0.3517902053478308,1.0,-0.35205841183191655,0.48656191676707294,0.00014756669317361748,-1.8046701372058274
-0.20394669245874264,0.9275834847680111,1.0,0.4672931786752452,-1.0,0.37024992660826017,-3.2578061464486163
1.0,0.6910011088213217,0.7558653781946536,0.7346869599726162,0.067977594997821,-0.19597014499034748,-0.6975111435379131
-0.7732173315372466,0.08929345632141528,0.5990355901803908,-0.42471796293778996,0.07690650545880123,-0.19000880047455984,-0.24240125741455198
-0.6804894308072431,-0.24029380650438478,-0.6859824632783533,-1.0,-0.6916693322694809,-1.0,2.1943853687168127
-0.8005631528362748,-0.9074770754819723,-0.3008382180442968,-0.763065958244238,0.28428761630978444,-0.09141057071488834,-0.19376407302674709
-0.6236150545209844,0.16131083984365624,-1.0,-1.0,-1.0,-1.0,0.4064100401803476
0.6260045425462613,-0.4040550721044846,0.28301589612668615,0.431329196135428,-0.5758688574431658,-0.045124932468441736,0.8675010771991676
-0.028986248789286684,-0.21051657839334736,0.6967427969750846,0.48007595665298286,0.15329117419119143,0.8868069700746597,0.16559093564839958
1.0,1.0,0.4951551960585401,1.0,0.1573326373297944,0.29997357459980767,-1.850983694666315
-0.8996465723149147,-0.9990874063233622,0.17265756518525222,-0.44256065812163115,0.14113650593499003,-0.9802661649448814,5.526451084244722
0.9213315615086572,1.0,1.0,1.0,-0.1943679222280427,1.0,-3.9496179633458413
0.40747666188655873,-0.6315822367313823,-0.4396622611512774,-0.5509008666551456,-1.0,-0.19713495356110933,2.1302739772349195
-1.0,-1.0,-1.0,-0.48883686947549876,0.6101597822025764,-0.5412302708919077,-2.0165555131102684
-0.9234115364289966,-0.6328356394135184,-0.9977496515121482,-0.06005237202747993,0.14623985266896677,0.8921307713599017,3.864853545878731
0.4788516315236371,1.0,0.03610061716485302,0.7633203927866432,-1.0,-1.0,5.6057645087689965
-0.09534073743193194,-1.0,-1.0,-1.0,-1.0,1.0,7.250578339788102
0.31823814762701585,-1.0,0.11721633925404387,-1.0,-0.7615814462016604,-1.0,10.953102157516675
-0.6554483081066028,0.8288942784339257,-0.5908664222601592,-0.5727255598465295,-1.0,-1.0,-1.5780319768272597
-1.0,-1.0,-0.02418425919143212,-1.0,1.0,1.0,2.1226765822449543
1.0,1.0,-0.16080911818295207,-1.0,1.0,1.0,6.222421965215768
0.8988061771694325,0.7259354665738444,1.0,1.0,1.0,0.1733648405414594,-6.823395545487705
0.19166075459405374,-0.7710757476601633,-0.3930112297732199,-1.0,-0.06491686138610353,0.10620573645234313,-0.9591904327860519
1.0,1.0,1.0,0.010561998307384024,0.440130168499537,0.13052493207957383,-3.344134378905717
-0.6226897985786434,-0.6101626839166686,-1.0,-1.0,-0.17130945208572324,-0.11452270879951548,-2.1877361554760713
0.0547611113460601,-1.0,0.1767820475378821,-1.0,0.2934235768973821,0.8097756792134008,-1.4461593604339502
0.39650152253268645,0.4495560734994897,-1.0,1.0,0.2597599767168507,1.0,3.375490658097113
-1.0,-0.40129275527208913,0.40314207141776587,-0.422580974483304,0.5745663621253989,0.42123463570699327,0.955316438452305
1.0,1.0,1.0,1.0,1.0,-1.0,-6.941719006182943
1.0,0.3065251931610784,1.0,0.7410913146393565,-0.016476383941286032,-1.0,3.770537756529701
0.39775960301942187,-0.886716716155562,-0.6007531616973957,-0.8635162729258599,-1.0,-0.5815690340296593,5.523492334475423
-1.0,-1.0,-0.4925984997174815,-1.0,0.10035745527025619,0.530144497471931,-4.224993805160787
-0.27792344941854913,-0.18532977074111215,0.7721050077900382,0.7829413404449926,-1.0,-1.0,1.5235302528145276
-0.6586757451998357,-1.0,-0.32564739129219444,-0.40116832580244727,-1.0,0.9500318461470424,0.4903706573268583
0.5136646393770783,1.0,0.9562664715646969,-0.21308807789655915,-0.5793196965051064,1.0,-1.0960950914777698
-0.7540376953649239,-0.026666287901953134,0.04813773568056734,-0.05818296413012747,1.0,0.9948382252231369,4.9787800577661345
-0.7259414674902962,-1.0,-1.0,-0.7004319613065519,0.05928262023728481,-0.8178185093981428,0.10319038498763061
0.8490193203504066,-0.4542184434484084,0.8827487322764944,1.0,0.8352699423644414,-0.16411146555401046,-2.1963961188984604
0.7857800239452767,-0.6412285055591747,-0.7601539325145468,-0.36661527112854364,0.28369642794424327,1.0,1.9163285790441433
-1.0,-0.18766940124258658,-0.478492984628219,-1.0,1.0,-0.7180349870709368,6.462180634666609
0.6993380098141542,0.3475398255157417,0.07617701823047418,-0.8772134281442204,0.4135479369147672,1.0,2.7675831341997728
-1.0,-0.3516890150858307,1.0,1.0,-0.17106886035974408,1.0,-4.28543410670069
-1.0,-1.0,-1.0,-1.0,0.17332200163106043,-0.19988919536631838,-7.086093854680797
0.09131347510850418,0.29251599373423653,0.8442811955724929,1.0,0.31266636627290045,-0.14565429976849942,-0.8570375589958965
1.0,0.2781105523906624,0.12588360374913476,-0.012644716274096524,-0.29019012596030386,0.8124960469100279,2.6428139247388134
-0.0018469044122790546,-1.0,-0.7233184081214548,-0.862523820961773,1.0,1.0,0.9552144952591961
-0.09129090721664279,-1.0,-1.0,-0.39359553401450564,-0.7013182809454264,1.0,3.3252497546818676
-0.48948094009172055,-0.7104221377179434,-0.6510341442671044,0.23381321779303033,-1.0,-0.2603192898915241,-1.7395749381958998
-0.5945866321464957,-0.28124555280788943,-0.35085264813747474,-0.2194902748410118,1.0,0.7823338067334975,3.5374790435070227
0.42393829295125984,0.31457595407607153,0.33509072187509076,1.0,1.0,0.4102543581252931,-1.3959695371337966
0.5245991141378967,0.37052457703217967,0.8569702974444273,1.0,0.5295110646468872,-0.5091976894000732,-1.5428543101313958
-0.45311203768481334,-0.7907944274714471,-0.8664999992422603,-0.10254002167110118,0.18977203668650788,0.6447539359092365,0.6038352514957357
-0.8633378986441705,-0.3052886484632593,-0.7297079423080726,0.23965506970326775,0.7175537425463143,1.0,6.462760587126603
1.0,1.0,1.0,0.7353821609863018,0.43201147342718493,0.5699012668546846,-5.557640747486003
-0.31659811551518335,-1.0,-1.0,-0.055026899316025946,-0.9891909513848279,1.0,3.0659806283069084
-0.6362572371327883,-0.8831545299909647,-0.2496768775107865,-0.633250676714544,-0.015511962006162228,-1.0,4.105983249031519
1.0,1.0,1.0,0.5348773784808727,0.31739392793295274,0.49871386492726133,-5.635461383012355
-0.8349367535447156,-0.371204382548334,-1.0,-1.0,0.7194289526968654,0.582855418361422,-0.04533678840409516
-1.0,-0.484246210126293,-0.4830534744280768,-0.5004327158464952,0.23168672023917036,0.8022289138601124,0.986224700399643
0.6035245700377974,0.2285790436570381,-0.2697488242977111,0.490842024645747,-0.2152380462101926,-0.40545060512875186,0.715591732902048
-1.0,0.011675693816574961,-0.812636912799743,-0.5004287814344939,0.8944491024632792,0.25503725872651684,1.057899195296174
0.7647409860093318,-0.17611719130833514,0.9750353800318978,0.21901707522724007,0.45219855136780973,0.37339925749783637,-2.067824232318701
-0.7098476098457791,-1.0,0.21551385256556677,-0.28348608292146116,-0.7181196400544887,-0.04300878522380702,-0.10260870627679568
-0.7291751182668849,-0.43916955537164115,0.3028880756128536,-1.0,-1.0,0.33195609488173633,0.7846462632713697
0.328239351537761,-0.08238575311024915,0.04293737316835233,-0.7892443923410711,1.0,1.0,2.9707650481859833
-1.0,-1.0,-0.3082021463606157,-0.773564888394402,-0.075810901163896,0.7711846756476174,-1.772067793657594
0.5938726433325654,0.877674639313009,0.9359172690354685,0.007136548713122692,1.0,1.0,-2.2260609244065757
-0.9908574170500329,-1.0,-0.9390322722740323,0.05890372239724112,-0.6029471093037522,0.2715106907049157,-4.923191915173776
-1.0,-0.9781163309324648,-0.9198130119187155,-1.0,-1.0,-0.5260871499828215,0.49822635476424715
-1.0,-0.36251802325726823,-0.09868390918242553,-0.36362399508006477,0.10152788168469651,-1.0,4.335741662232407
0.3225192314229933,0.44667281643181833,0.4020658190398762,-0.23732829035730013,1.0,1.0,2.7104055771274402
0.2491818204948968,-0.004357428467666499,0.5503836677381814,-0.18264629551722683,-0.1958067902874301,-0.5271137085939054,0.670855242854984
0.9823440056150827,1.0,0.44032798520136396,-0.09652393633594869,0.17711697474730334,0.17530063834947263,-0.6947829907612281
0.032080955813107215,0.3423005908744896,-0.7556101158822701,-0.642617095191683,-1.0,-1.0,0.5142525410206262
1.0,1.0,-0.254054744535862,-0.24114333855284054,0.08819606531842848,1.0,4.038523018509571
0.5348924568787801,0.5216981184623439,1.0,0.3614101877722519,-0.017270458875817685,-0.08023368937977725,-0.9408226926630581
0.31586031846095775,0.7173826082267385,0.3401768105350572,0.7908693132963901,1.0,-0.16216619761236672,-1.3222511451595098
0.3790889922212498,0.17745035890408145,-0.1924308042749977,0.9526630299604265,0.3775164936135921,-0.11345985487819465,-0.16327989660473866
0.6030517820069738,0.9998920602501364,1.0,0.7861116748538322,-0.34066514516694213,-0.38400347351586095,-1.5119878986118211
-0.9382947561062785,-1.0,-0.5435923859775429,-1.0,-1.0,-0.3472860045508879,2.1597245787940698
0.14186701070716368,-1.0,-1.0,0.2804608525324102,0.47840710669902475,0.03499370881841457,-2.962147629626836
0.035263702070403746,-0.9600583816648834,-0.04488166067372634,0.31580148395165414,-1.0,-0.6860307925544298,2.354805027169846
1.0,0.8624229984554139,-1.0,0.016168720227483502,-1.0,0.7245462025810261,7.713446281555409
0.6488168815376476,0.6875614204809194,0.5277172284185468,1.0,-0.6638409426957215,-0.7410881697032679,5.11852802041816
1.0,0.06330881051703721,0.27247207763712467,-0.46347948347870244,-1.0,1.0,7.556519442448765
1.0,0.885389655328622,-0.1606254900817113,1.0,-1.0,-1.0,10.303886548087409
0.4676826771664123,1.0,0.759808232454714,1.0,-1.0,-0.44032527172963176,3.3887701538083665
0.26812499664309286,-0.3446025546814526,-0.3026027764332758,0.2036394739816494,0.6741077740768391,-1.0,1.7340049093298222
0.31666576032413235,0.3214798894864213,0.40268058545420793,0.1213568177999611,-0.5233266394725213,0.5165466325117233,0.7856946583285002
-0.8855601060561313,-0.017794062086497364,-0.00315396019621228,-0.66605856539111,-0.3934730650400651,0.4855550479663901,-0.8296689214489312
0.9477678019441858,0.07053455247223994,-1.0,-0.9491950904364748,-1.0,-0.7134797670490565,5.191436049463701
0.09972582036042993,-0.7459786468158104,0.6703902429541719,1.0,-0.08252589641940256,-0.40083269265914473,1.3575977702927697
-0.6366955601729345,0.3858606232570242,0.6101256259730343,-0.14690349799948582,-0.9138464743159533,0.3100032242736712,-2.198447720719431
-0.48964224292367375,0.0748457382213128,-1.0,-1.0,1.0,1.0,8.830127320112965
-1.0,-1.0,-1.0,-0.6927423641294574,1.0,-0.7377245785331581,-2.3049001028692366
-0.0684717409046533,1.0,-0.09835858166933165,0.08777061393522434,-0.9103327556878715,0.684451003328706,2.803769593124313
1.0,0.12095181333799854,-0.2146301986759338,0.8513988117300508,-0.7455445816276717,-0.6703749882366027,3.9784346896141587
1.0,0.48699596104590026,1.0,1.0,-0.2945310131604876,-0.9219288749145812,4.168449911336198
-0.6712992789858563,-0.9843831309682468,0.3210851729134639,-1.0,-1.0,-0.05917729214882339,4.327735418374109
-0.1376585958529417,-1.0,-0.14175207789475708,0.023817881862086387,0.03108861663111362,1.0,0.19840695971133515
-0.8768083776948213,0.43861128110750974,1.0,-0.5420962069638597,-0.49715107534242375,-0.08751452033903351,-2.2541855865206903
0.6270214829334245,1.0,0.25078606812388504,-1.0,0.03835904919939559,-1.0,1.906831095530895
0.5437508049334289,-0.44548007981816723,0.4849691045434768,-1.0,-1.0,-0.7574826990120482,7.320286848837718
0.2750860562361283,-1.0,-0.5942995428321619,0.4797617802493264,1.0,1.0,2.8441752143743924
-0.8960552148091732,-0.293481979032564,1.0,-1.0,1.0,1.0,-1.8192402618863606
1.0,1.0,-0.9771301995144961,0.28491468837280076,1.0,-1.0,-1.435750608475178
1.0,0.006490602464775119,1.0,0.5275394028431242,-0.5926382592794346,-0.35691909476288347,2.7609740498079303
0.4007942447552952,-0.06564148095407696,0.35541823888132074,0.2367068193939083,1.0,1.0,1.8830187601974517
-0.61967097252544,-0.42215534600747784,-0.2558088844618477,1.0,0.034693385040255986,0.39501057094848213,0.2686368577917455
0.025384545261856517,1.0,1.0,1.0,-1.0,-0.24239464626083548,-1.1526462821415007
-1.0,-1.0,-1.0,-0.5102340461998982,-0.11025124425295019,-0.49104166863634857,-1.87336590504804
0.589475831092669,1.0,-0.45226225935576614,-0.738266110962654,0.20606130589522642,0.63652617541755,3.6516705449967906
-0.33225755517481903,-1.0,-0.1001794568276041,-0.7551234770129194,-0.24875147028722955,0.33891701113647,-0.854957749331801
0.3269763166553694,0.9452083554790058,1.0,0.7467084250306004,-0.4985257155851934,0.11579562484022965,-0.8550674823447886
-0.5653861806957688,-1.0,-1.0,-0.7827393351176821,-1.0,-0.17980229798080413,-0.5118556001861241
-0.09629310276118247,0.27096003567586063,0.4058467044196233,0.2879645910210097,1.0,0.8362302294052786,1.2297390011905092
-0.5886332029048991,-1.0,0.01677253625383629,-1.0,0.07807047495667152,-0.3318305494178213,1.1960006330965383
0.3479251323655099,1.0,1.0,0.8883252522577807,0.5289224686024138,1.0,-6.448158607943348
0.5954860388399499,1.0,0.30333754345229136,1.0,0.3804381167587229,0.18038147467388793,-1.7646689801083586
1.0,0.8547805033794418,-0.6434013271221706,0.37529717522240835,-0.8852897344272043,-0.9674813785141265,6.552766398119928
-1.0,-1.0,-0.9882953021417569,-0.8895684132921039,0.026633283393326268,-1.0,2.6251256423862275
-0.5715339071275328,-1.0,-0.3977530083330716,0.40289169571515304,1.0,1.0,5.227750991144917
-0.9106835326038706,-1.0,-0.25081403808137215,0.8017227476465503,-1.0,-0.9529832667311213,-0.30930373326727334
-1.0,0.09336903173485411,-1.0,-0.3731176597472361,0.6628427849230462,-0.3180340206369217,-0.6198770280846405
0.56657960754339,1.0,1.0,1.0,-0.5019613723970293,0.052562653846563674,-0.6021084545297728
-0.4062518153189665,0.7874678445764934,-0.8911192593481911,-0.9688314196701074,-0.3361463407099284,0.10128376284397411,0.6051496027685628
-0.14380311297967746,1.0,0.7390867226375908,1.0,0.5087943420363285,-0.1039166774204704,-3.5538490195363486
-0.3835045274044324,-0.31159446264732293,-1.0,-0.9352454328111147,0.9094569157159138,1.0,6.095749664975018
0.9567243031234041,0.405141389107758,0.5251790494046065,1.0,-1.0,-0.4528870879469159,5.287380316154877
0.321406788958699,-0.9522227843210317,-1.0,-1.0,-0.624755192440846,-0.6993951189040435,3.827773137600897
0.018311807248775958,-1.0,-0.8968012392015683,-1.0,-0.19723435889597396,0.7546216651774627,-2.614760950775322
-1.0,0.8419095549702539,-0.29215368491466864,-0.07633516345272418,-0.04098273298763738,0.7633111458609609,2.1810711579989617
-1.0,-1.0,-1.0,-0.4560224196170906,-0.7294042731758812,-0.9193014157270285,0.8650300727054616
-1.0,0.32026045585088814,-1.0,-0.39088835940541605,-0.49959955508903153,1.0,7.744752784851971
0.8492932356575307,1.0,0.3186044125619665,0.28776997105695035,-0.6579686967307068,-0.9029206251572386,3.8004707139182674
-1.0,-0.9100874358116184,-0.6170597320810924,-1.0,-0.39005286540810585,0.4790889341866116,-3.3851681467804635
-0.48386903540955506,-0.6626879287826393,-0.862341615710699,0.9659239111241491,0.41913234030527047,1.0,5.560729966689329
-0.6486592803078395,-1.0,-0.28781576585363977,-0.3383795216871055,0.13897786158215514,-0.6232480745069156,1.2135048980736922
-1.0,-1.0,-0.3209058354331844,-0.2770791854811705,-0.1349372948376879,0.625059941065882,-2.21190664609663
-0.6293921593721427,-0.3300088608508042,-0.7177763664557173,-0.6830222589722594,1.0,0.2349430935069282,0.11697859452282156
-1.0,-1.0,-1.0,-0.03302064741192812,-1.0,0.9251627880298925,-0.6276286925958693
-0.48900017824074293,-1.0,-0.20704019887107283,-1.0,0.36009018600919673,-0.6156832648873438,1.5629797882783638
-1.0,-1.0,-0.7728843155643754,-0.12120301549159207,1.0,-0.46682505976121225,-1.2617201805587897
1.0,-0.20690465365340185,0.1820121906134844,0.27875123588556083,-0.6450492332162281,0.13188117546457567,0.7222372338668852
-0.27446578480704065,1.0,0.267261853369601,0.5562825282375419,0.39301608815062705,-1.0,1.8777760195904505
-1.0,-0.9010086996362718,0.2193241319527871,-1.0,0.5000985095161511,1.0,-0.6670976785100466
1.0,0.9659962506890258,-0.5027027879860227,1.0,1.0,0.1250935132226073,-2.8963803518443503
1.0,0.78414022401932,1.0,0.6955971275630639,-0.06845125161062737,0.7343118389401022,-2.2323244547535817
0.729980813363917,0.2718243292791383,0.4341345737583633,0.07098097591336838,0.8963588170405639,0.6334775790542879,-0.8244803409929821
-0.9170074725316695,-1.0,0.28073413986234486,-1.0,-1.0,0.017446104619379954,2.6370099971030228
-0.7522326321917453,0.7845450898660887,-0.1484864013803385,0.3448304076268106,0.6046107273780054,-0.8346866195002687,3.486269038404158
0.9471808677939756,-0.620018763537358,1.0,0.1813442940579455,0.03838111728871235,0.13537951511454105,0.19523007315062213
1.0,1.0,0.5251524600830787,1.0,-1.0,-0.20730942443687306,6.050031431497244
0.2490437289056303,0.8001677602033439,-1.0,-1.0,-1.0,-1.0,2.315135000803768
0.04691872042081929,0.11217979637046044,-0.6144717070906602,-1.0,-0.038335301460663995,0.1504689253078315,-0.5335073791126725
1.0,0.9639563785919731,0.6688046224329366,0.04995614778191804,-0.9930443212320008,-0.7128478323043611,3.1217348784717562
1.0,1.0,1.0,0.010285736855359051,-0.9555529816644434,0.26654745453830636,0.9776420575288403
0.3467261896899516,0.5785393989052398,0.09111282944604038,0.6178589950259491,-0.20745450288193712,0.2648342836524117,0.34998468218698886
1.0,0.10899914448585823,0.8766315452432529,0.7352178682965635,-0.2127098247564892,-1.0,5.509166085343323
-0.1374489245945794,-0.5037104753700274,-0.4390032368542689,0.6231820722673082,-0.36653612398174323,-1.0,1.9259175011505942
-0.44362384678397637,0.4112483920128439,1.0,0.044544134387932144,-0.9054698540110305,-0.14540708795029977,-2.4869189075398124
0.9633207900967201,1.0,0.22646424094133538,0.26953192515567004,-0.3010230944425678,0.4396119453730263,0.5906198306718514
-0.5709179684753183,0.06916160959758155,0.17565893661180887,0.2874227630285222,-0.5905871001222072,-0.2629414011657463,-0.7998854123335145
0.36793858564365767,1.0,1.0,-0.26003903952020774,-1.0,-1.0,-1.6169586657443125
1.0,1.0,0.5004455948606436,0.9422641232923177,-0.48154843721398866,-1.0,8.54503986866414
0.33796396279087204,0.43095300374378076,-0.15892318874029332,1.0,-0.18983535383870465,0.14696626913042077,0.4168972996173442
-0.8243668973350448,-1.0,-0.8751873584288163,0.22776616947714826,-0.3019277874338989,-0.39104756722266276,-1.8752161010286363
1.0,0.8091735078269611,1.0,1.0,-0.30154245928483536,-0.2960842225029032,0.7839956387083837
-0.04248804638829118,0.7785039588194259,-0.34611438214525514,-0.10304470546193012,-1.0,-0.8182664328839944,-0.11613316138974168
1.0,1.0,1.0,0.7118732720560026,-0.6595207328461588,-1.0,5.8623331493046695
-0.19231357504655422,1.0,-1.0,-0.08533845852824146,-1.0,0.9771133974331809,10.846805494252026
-1.0,-0.7443758450440416,-0.4647272145233652,-1.0,-0.2395996238998198,-0.20302263673837861,-1.4140644113102523
-0.28753144276744946,0.5523682056322008,-0.601228308436994,-1.0,-0.3413417660178477,-1.0,0.8539999883520709
-0.3708896997899228,0.2820763998315559,-0.24856726823774827,-0.5258395432333478,1.0,-0.9235661808227675,3.413017896010543
-1.0,-1.0,-0.3678338488687247,-1.0,0.016399086377402283,1.0,-3.057431926258571
0.15790316514534442,1.0,-0.326006413691832,0.8136644244212978,1.0,1.0,5.995525531424857
0.9627176927671638,-0.004722284987034364,-1.0,-0.6836523885597569,1.0,1.0,-0.34819449606760755
0.28374630931878453,0.5960028138881364,0.15034341634547388,1.0,-0.29281558569843724,-0.92454386013585,4.008898238368464
-0.2398968682121816,-0.5539066355566048,-1.0,0.47459647918959214,1.0,0.8258920918251683,4.210425644144094
0.33475696751544226,0.38255994380935077,0.6699324924652823,1.0,1.0,0.9381241465494479,-0.39916795864659516
1.0,0.1319922190105487,0.32272602360429103,0.08406300667123756,0.39579838199420914,-0.7938294748286812,1.5026906552330583
-1.0,-0.7918473646541466,0.7379084274801797,0.22892318772408848,-0.8923899344373176,0.2913577833337667,-1.9537714483814028
-0.12449231554175881,-0.906915028068993,0.016816670640705134,-1.0,-0.5395687529102886,-0.41099221988132933,2.643542847387799
-0.7897415603643032,-0.25760466845956276,-0.4816512248877196,-1.0,-0.5569301698157059,-0.3745048855469475,-0.8916962825305534
-0.9857222596236254,0.2968908404692926,0.1816987517823624,-1.0,-0.44877458662725633,-0.7957344969120685,-0.5445207043487637
0.8939024180679802,0.7899793059222727,0.9821315276572448,1.0,-0.5914310885821197,-0.3607120291900472,1.9517738953225319
-1.0,-0.03287893631854799,-0.6026483994977463,-1.0,0.6474240167271228,0.2597196879396871,0.2871844948369118
1.0,1.0,0.059250644586960666,0.36099540413939235,1.0,0.6986864278302454,-0.6977084170991064
0.3835543220386949,1.0,-0.28412114651295717,0.6384740498709286,-0.05644831025040009,-0.14521782130467054,0.8467474491237168
-0.10027403863502954,-0.054207873985720134,-0.6213446967576267,0.7963084810140153,-1.0,-0.11626048613049322,0.08568068620418934
0.046781029236106275,-0.8210008976367564,0.6888809402738806,-0.11717650236459942,-0.8447213548511272,-1.0,5.0259564430013794
1.0,1.0,0.008106577562259965,0.23469502550152044,-0.3799133124749963,0.780404453080611,2.613549439136419
1.0,1.0,1.0,1.0,0.6090401037574755,-0.20755406560366196,-5.4272969634657064
0.3842533428665109,0.6161977817542397,-0.11017908680459587,1.0,0.3931019446123576,0.17624750081374496,-0.05013316475487517
0.04234497432850404,-1.0,-1.0,-0.5901942880125588,0.8785436008868003,1.0,0.3393471495596315
-1.0,-1.0,-0.25108899663872797,-0.6589435008779323,-0.18705430307400706,-0.3469223410702934,0.3214744494526689
-0.06945143720390645,0.3954451600872887,-0.1751566654268727,-0.0021411939552310466,-0.07517310820508072,-1.0,1.4902838802801188
-0.6726367025755742,-0.6024424080017212,0.8476100593070792,0.20502579059495118,-1.0,-0.6244381029959798,0.12258269119171894
1.0,1.0,-0.34509085516406346,0.06304036690159624,-0.8029921772934008,0.1973576195063227,4.908262032800735
-0.29596047060568287,-0.5263722481538147,-1.0,0.026675161697221672,0.017412355600739504,-1.0,3.1139579922820673
-1.0,-0.3111048112287056,-0.6575215526391089,-0.0588526672972528,0.41987635304406823,0.8277020601124583,2.80251549548012
-0.007317112953622029,-1.0,-0.3414834904818582,-1.0,-0.5247863087176934,1.0,3.4891870249240027
-0.6389394650329212,-1.0,-0.4850532575222706,-0.10112936239159262,1.0,-0.35320602197890494,1.1921187096305312
-0.9007383380073586,-1.0,-0.7439651821583084,-0.022382186672672555,0.3697351265703087,-0.4566669244179836,-1.7265240227341045
-0.2790117671385981,-0.18361578454450628,-0.04133834803540498,-0.8070293577089955,-1.0,-1.0,1.9635515585275993
1.0,1.0,1.0,0.11678215971981837,0.2449469350133644,-1.0,-0.48536018726926544
-0.7036271230367577,-0.47638953909659554,-0.06863513522832324,-1.0,-0.2704060960876318,-0.42118018603301205,-0.554886978272134
0.6332487594985448,1.0,0.6532175249179257,0.6363360396737112,1.0,-0.6305208373758495,-2.8986567360768194
-1.0,-0.09852039300694315,-0.674100760026991,-0.3517070945441457,-0.09485693585199151,-1.0,4.197413841076769
-0.7296037434301044,0.0491398682823318,-1.0,-0.039029756699597185,-1.0,-0.22494503402235533,-2.5020320622192234
-1.0,-0.04021435806731399,-1.0,-1.0,0.8071357852880764,-0.5096515700802677,1.3825346539268675
-0.49509856732587987,-0.5126578308885263,0.6450033010759036,0.6023174666449802,-0.02058929951218087,0.0248766978370617,-0.5979380371704882
0.043010948721261544,-0.7188573830225016,1.0,1.0,0.10093576983664032,0.3729368496402642,-0.9463257365507199
0.25695139841119197,1.0,0.22225381359241436,1.0,-0.08172543439701341,1.0,0.8843034853799084
-0.9510674763457339,-1.0,-0.1701100773851567,-0.307268376064703,-1.0,-0.3234902123992962,-1.0996586678652522
-0.06312229124657276,-0.8235450097186952,-1.0,-1.0,1.0,1.0,1.4363117605973768
-1.0,-1.0,-1.0,-1.0,0.042396815486942394,-0.8312574690246726,-0.23745267794068547
1.0,-0.007125862266049943,1.0,1.0,0.1037388088417236,0.1981796885048278,-1.5099334793470156
-0.26025702083779323,-1.0,-0.348710410634848,-0.6992803225910369,-1.0,-1.0,4.858060472758356
0.8987974623771593,1.0,0.7967602879465041,1.0,-0.5187575988018642,-0.051515663212234664,1.8050322355266326
-0.0036505701662360446,1.0,-0.5219671927507599,-0.5697125599789761,0.1598054558260008,0.816036194724025,5.331742784130618
0.3502305750185275,0.7255186179095567,1.0,1.0,-0.09708975118748375,-0.48976697805951164,-0.6794994793888997
-0.17951828302804473,0.1093381742501306,0.1119709936739042,-0.6473743791444216,0.2882494690045712,0.39271038113811546,0.4266661816033134
0.09382032884405156,-0.4378977020600796,0.7796267908044033,-0.6098045265401209,0.30430366570569034,1.0,-1.4149869971419478
-0.3445846826311014,0.040504220458765505,-1.0,-0.08989382389611167,-0.46501176126637545,-0.10955370083089688,-1.490252616697051
1.0,0.8017448556743814,0.7109745604970348,0.6587359843192266,1.0,1.0,-3.305430074333472
1.0,0.9139937749506699,-0.3208578917032584,0.6602524014788453,0.31019877017871156,-0.861955509965434,2.6064498873142017
-0.7796526885559723,-1.0,0.6562254738560325,-0.6853553010871417,-0.32139904318648277,-1.0,6.576944050887597
0.26551258278882595,0.20058816167724985,-0.031587825540021264,-1.0,0.3169845659409962,1.0,3.1155423032528606
1.0,1.0,1.0,1.0,0.3004215989419172,0.794430259236052,-6.386305853722746
-0.37830297646478117,-0.4444512526236992,-1.0,-0.6148121991362048,0.23262922191651125,0.8103419156649161,3.225475459461968
0.2336987336586391,-0.9908820428239734,0.5999415573199419,-0.604771436828391,-0.5648658446489437,0.9577349018223174,2.232187190395133
-1.0,-0.3103286135033292,-1.0,-0.6782202974785623,0.5899160742943252,0.9737266029015308,5.66517730462385
-1.0,-0.00015309829524545737,-0.9527658154209886,-1.0,-0.05357641548123654,1.0,5.137987008694048
0.6338941893631888,0.37420813628346405,0.3659487544053677,-1.0,-1.0,0.0329904088205627,3.644258578364832
-0.7364765144069182,-0.6784306486650391,-0.00024898300960329856,-0.06875615940404009,1.0,0.5046326081333142,1.5216117821507213
-0.25396779780784595,-0.8871980294731638,-1.0,0.7525353686630665,-0.44314974438038646,0.03220654500663672,-2.112352886467171
-0.31783398289336134,0.16077011818736914,0.3669753105422313,-0.812300769697496,-1.0,0.3294575932093744,0.06660118704750198
0.48495565933359597,-0.6721918708373427,0.7837865972809229,1.0,0.663843773767725,0.9434049850174129,-0.5905562767418281
0.1612184487961471,0.42688147284008005,-1.0,-1.0,-0.35648045997726924,0.6161481252948396,2.8379900620225342
-0.9888130454734239,0.40153176797008205,0.4763650872923656,0.7681988731838815,0.4517912304431027,-1.0,4.639802899901769
1.0,0.12815114124262905,0.2997744508767382,0.7523837899856816,-0.8878388341478671,-0.27831088281100036,3.980959136469302
-1.0,-0.6411063021843144,-0.4309902172800041,-1.0,-1.0,-0.9105480684422603,3.7684471092016145
-0.09316544114734926,-0.869656335767646,-0.35511361810488135,-0.24202338284971858,-0.12224056841958572,1.0,1.9308415109952763
-0.993101607719673,-1.0,-0.5770476874300228,-1.0,0.8820611754670447,0.14062224020101555,-2.3665106154155127
-0.11490594701656631,0.7044583582122341,-0.12499552473691966,-0.8830345769113759,1.0,1.0,6.926905459254245
-1.0,-0.2398997772731103,-1.0,-0.8689270576683363,-0.27216898725321736,0.05334239178113798,-2.451886181785875
0.8458258559013168,0.3411267780581408,-0.2252962334850599,0.46363649258092987,-1.0,-0.6813734730310106,4.7166419124100525
0.2204688920351615,1.0,0.2671499333574743,0.7173467356679193,-0.3045808787362193,0.21431797049862789,0.039724755270842155
-0.05418403102897651,0.5769814187162714,1.0,0.02091011152772193,-0.7855234839763496,-0.1874223606691876,-0.8673970447343213
1.0,1.0,1.0,1.0,-1.0,-0.6879550499035851,6.850801753164112
0.8304506560424507,-1.6294730267263358e-05,0.592632662770721,0.3826154925962874,0.34244011974009814,0.8297702514490828,-0.7361810014909548
-0.6694864064182939,0.3479436890497651,-1.0,-0.12415549664797276,0.7576944129528054,0.982295579832596,9.723626651460686
0.31451348271348434,0.8397074797670858,0.13714703176958265,0.8825508403535269,-0.967681333469885,0.128889715793988,3.1494843699097643
1.0,0.681985630492349,0.45040352443673776,-0.14448541060235598,-0.7691614139582886,1.0,4.818269673468741
-0.46230559045972575,-1.0,-1.0,0.20937549926614135,-1.0,-1.0,-0.9435417839213941
-0.83421225435572,0.16551573115954235,0.46122042276642444,-0.02818859669686924,-1.0,0.06795168331123747,-2.401645479559913
-0.5057380094051072,0.09592909453856202,0.5933331302313323,1.0,0.14854635533026894,0.10875895303061556,-1.3093331208472658
-0.7144408592669831,0.9370898114778394,0.0749961629711327,1.0,-1.0,0.005370927452661989,-0.6199768974406223
0.21853585451084223,0.14385736303542096,0.09073957887408224,1.0,0.25102467987145183,0.30013760538783935,-0.0010837777097041138
0.8455335223192888,0.11798780084786364,0.28863895755831753,-1.0,0.45076083198990924,0.9161452780435555,0.5266802203795222
-0.6528372138409926,-0.13373263421355464,0.006916195118297774,-0.5042269753454411,1.0,1.0,5.686359296758138
-1.0,-1.0,-0.27055526958124343,-0.34186389033634534,-0.7116533329162786,-0.37141494649507023,-0.15773461402831634
1.0,1.0,-0.028871495542207692,1.0,0.7658555762461462,-0.36180039920012375,-0.7450484829268522
0.626506199988045,0.7429374334945353,-0.5697851478045499,0.7183675214168408,0.7475898272057504,-1.0,0.32893601986561066
1.0,0.1328640314567946,0.5654804664239694,0.9141376355745219,1.0,0.16624301589581278,-3.6404429197601793
0.12473201520795274,0.9386457844387417,-0.458523260182783,0.5695389282701361,-0.16076160645540538,-0.24772087102384033,0.8832029589362401
-0.4038133763785991,0.03178320927297655,-0.7822021634979082,0.32149274310400994,-0.314649229782372,-0.5831015409177751,-0.1085336697085855
0.48636849078464284,1.0,0.24542093826055808,0.2712461254017474,-0.8535584273886022,-0.7512180444892529,2.0318359004981845
-1.0,-1.0,-1.0,-0.22057319140400233,-0.12993854526006193,0.7440095421563039,-1.8536321814105245
1.0,0.5013230188568283,0.32630106743746623,0.03568105855130754,-0.8118430357045017,-1.0,6.730028649019479
-0.007013120384458671,-0.3938878177405067,0.9722128088822775,-0.06285008650389948,0.43362197677838465,0.2316618639348928,-0.462530886090503
0.961310405586082,1.0,0.22097512929461016,0.05071533638093523,-1.0,-1.0,5.5267980026582775
1.0,0.26517277279298834,-0.4604057801881134,0.8253678606886551,0.47323583213906584,-0.7265071374141906,-0.5012793053713867
1.0,0.8068499488994325,1.0,1.0,-0.7248908362252384,0.39547566976836784,1.7770303142993435
-1.0,-1.0,-0.09688529591091156,0.2860252722258479,0.8527800733213922,1.0,3.8741773544946287
-0.9179501979334495,0.3090777621325975,1.0,0.010489003539010333,1.0,0.5356430448977414,-1.3058286659812048
-0.8112408050888013,0.5282559647723772,-1.0,-1.0,-0.7943099434745751,-0.40230907044139563,-2.2424971729064467
-1.0,-0.18708948795076374,-0.31532609156757263,0.03868242903995428,-0.3975476567939989,-1.0,1.7869519190640366
-0.05405705965697277,-0.3093274115477113,-0.06608407714558201,0.3979216410705068,-1.0,-1.0,2.2969987445742412
1.0,1.0,1.0,1.0,1.0,1.0,-10.457244833138816
0.19360697818179262,0.02398942130197035,1.0,0.3260458071897626,0.35181695019111753,-0.40897622926450394,0.3121230512196449
0.19241704017040284,0.7824751570253097,0.5495550777690925,1.0,-0.34387808609187887,-0.3783044905127555,-0.23446837913278484
-1.0,-1.0,-0.8516888478272269,-0.36493692350654394,0.7052060035712733,0.354260641145849,-3.2798458660780323
-0.45523362400446377,-0.16300208499810023,0.20705716357735962,-0.022302036827459182,-0.004940384240010864,0.02537766110928555,-0.3814965126637748
-0.1394775188713253,-0.5839046503786398,-0.42758365780362284,-1.0,-1.0,-0.8599942364355939,4.688171551194159
0.1429813864649534,1.0,0.9761963325312106,1.0,1.0,-0.1634318096307127,-5.636085199903567
-0.2794647682268604,0.21598919829864996,-1.0,-0.054554246164616016,-0.6549162112615952,-0.2087303212206219,-0.5998268571058178
-0.3004583781931577,1.0,1.0,0.11972943035061462,0.08814514067048451,0.9856819501706349,-3.4404825226680202
-1.0,-1.0,0.9040482431384855,-1.0,-0.3266772484384063,1.0,-5.911816470888449
-0.39679279622132957,-1.0,-1.0,-0.9703756098517712,0.9788094726750233,0.693470686213646,-2.9106609664026064
-0.035620126368016924,-1.0,-1.0,-0.6522880832860214,-0.40924022033265806,0.10506235426395263,-3.224693757463886
-0.06292176066002586,-0.9265462716433673,0.13427809651582842,-1.0,0.31166642285948587,0.147605377502174,0.05478906871664274
-1.0,-0.46256456101638244,-0.8949211960713808,0.237685581433128,-0.12498605184859413,-1.0,5.149918351227598
-0.8576308072578236,-0.7534515210570758,-1.0,-1.0,-1.0,0.43256210409008927,-1.7169414854119285
-0.9798708562024911,-1.0,-0.7055662791740929,-0.9554488857705301,1.0,0.8624898811254782,-1.6125982185709775
-0.8335118253517186,-1.0,0.15700798208258593,-1.0,0.9151561914915379,-0.07222066890314516,2.6671039716202225
0.2733038444169683,0.22036175508351158,0.16949273091100547,0.09089919475441632,-1.0,-1.0,3.1407674431851844
1.0,1.0,1.0,0.875738046686884,0.31675482766620133,0.8786504931133265,-5.594416844047908
0.944218838497531,0.8426491557456632,0.344326103837748,1.0,0.4371513347455014,1.0,0.45198450907250054
0.027680931253212415,0.7035609552770316,-0.5708321515571448,0.6329352325347226,-1.0,-1.0,1.3868547657545964
-0.6078376465710704,-1.0,-1.0,-1.0,0.12880919952117822,0.4668605448951293,-4.131877651009954
-1.0,-0.3305198613195952,-0.05965689010626973,-1.0,0.15440422480930205,0.588133390038559,-0.2056439401647983
-0.006965853922186405,1.0,0.41788900403716056,1.0,1.0,0.750480140814916,-1.08730256256539
0.12518247437727664,0.5601181124529024,-0.027355678364949787,-0.6584603861301164,-0.33072933172866154,1.0,5.589005361671788
0.24420967477540523,0.49916519436208295,-0.24086124939507675,0.2409827182995119,0.4974527405972772,-1.0,2.2984731303986408
0.8327262582749503,0.7566643086119933,0.9017312330376376,0.8996265283469896,0.5942322857553133,0.49335108905450453,-4.0286576021028075
-0.5459318172498955,1.0,-0.685781811597213,1.0,1.0,-1.0,1.254015568389327
-1.0,0.5521683710609693,-1.0,0.889707203945979,-0.6270497791713123,-0.5637732243213086,1.1699580800641307
-0.5830197496240381,0.25984293665646896,1.0,0.935152503694979,-0.5844527205782344,-0.18892053171502088,-2.5076816704390676
-0.7556106785298142,0.03737099913833941,-0.7484599285226863,-0.7462045983632284,0.4473081529114302,0.12551284650147237,0.04175175319808422
-0.7629326035007113,-0.1288947941116978,-0.5135440857241096,0.5248697440676489,0.9876873820171966,0.27962293159522733,1.6054729424100513
0.499596810153578,-1.0,0.18592362345347607,-0.02222971349524394,0.33560759344736146,0.04398081220576354,-0.7027370877937169
0.4261358474624061,-0.4985122421165571,-0.1700484185156319,0.7162718712337929,1.0,-0.8366341313810013,-0.07218377646705065
0.4403053439969462,1.0,0.7857202392174063,1.0,-0.3399717663212579,1.0,-2.341869065009449
0.9417435824705354,-0.020063036365946196,-0.7302114922050276,0.8949116925837018,0.6550877870501441,-0.9311965536261441,-1.7226610264844404
0.8970097653609083,1.0,-0.1428114206017029,0.3521039836921279,0.8795285985788781,0.19622466547123918,-1.2128937047295836
-0.4972943320841297,0.6097717921413848,-0.2891620787943211,-0.6872262796644566,1.0,-0.24396783528383548,2.3499224628115463
0.5142519595106188,0.4603550444977425,-0.05529276130655569,-0.10563619996661577,1.0,1.0,3.224399868068764
0.2134930588957179,0.29270834494315023,-0.0699814128812446,0.12774303912125373,-0.24707391860109396,-0.5233407108760458,1.810875852618986
0.5584482736295133,1.0,0.48817086339054216,1.0,-0.7810442415901632,-1.0,6.067621657758503
0.3199564619875048,-0.03115910902212843,0.9909588130303554,0.8640454281560712,0.6520532389393316,0.18096296596684042,-2.053553142630473
0.8090554405541273,0.333771033003178,-0.36730246375363945,1.0,0.6936039085437613,-0.3483982995684465,-1.3377138980446044
-0.32302784943806306,1.0,-0.7510803289792645,0.3635380268579601,0.3318256774229229,0.44480438492991237,4.385552653779131
1.0,0.0503641977887781,0.2904852912459446,1.0,-0.0843447686872226,-0.8896002265594225,5.210586146431463
-0.5691659121751572,0.2838200717984464,0.043428372640574864,-0.008034470407079969,-1.0,-1.0,-1.3273264306614267
0.2668078377429184,0.34550922056295064,-0.3252148684876402,1.0,0.9013243571834222,0.3711878883855897,0.34749688441622195
0.8558239163763113,1.0,1.0,0.6987215773983039,0.3328017606787006,0.46673367946698474,-4.726083815729639
0.5027717724124732,-0.13389645090466634,-0.5094423277355171,-0.4615871244885853,0.6822293369075305,0.8316841592028268,0.22070823817338292
-0.6313788578965802,-0.9368398005077443,-0.23750195869164625,0.23899013922388224,-0.3499724945723459,0.0028237463911974237,-1.4550338371005367
1.0,1.0,1.0,1.0,-0.020299531384669445,-0.10129760645514518,-1.9007014441646277
0.252643338631622,-0.6881845599994876,-1.0,-0.7850764746127048,0.7422263982419857,-1.0,1.444465160200144
0.688241595263868,0.09181086566247765,0.5666575431490424,-0.21793119894725285,-0.717354500088005,-1.0,5.720220384242888
1.0,0.30244759306444835,0.04812718105958225,0.0983853659533146,0.2052801913644935,-0.5327790257613056,0.9221666131058048
0.7361519410061692,1.0,0.6909705710681224,0.8017162779769713,1.0,-0.23365992826949045,-4.175251747671774
-0.7788399307426381,-1.0,-0.8285863053631048,-1.0,0.4416546694874426,-0.9858716764667875,3.309460266337749
1.0,-1.0,0.5842177178643877,-0.5554146694907176,-0.2086314831715873,-0.3096825065357012,5.1138906330008504
0.3229137413214238,0.3960313313127821,0.2249173984210684,1.0,-1.0,-0.47862949471579086,2.3031877248831054
1.0,0.5851572092416795,1.0,1.0,-0.29740664148215573,-0.19098742703761298,-0.08261415811000172
-0.5954416765615979,0.4354060388987404,-0.41811563238286553,-0.15912429373095666,1.0,-0.17016678916878963,2.4381756873734424
0.464130540716734,0.37529908191573436,0.2995680897563876,0.8413643086609871,-0.3104979786485059,-0.03747080623108756,0.8721211508932282
-0.15377180692240344,-1.0,-0.3573841306680344,-0.14196999704640884,1.0,1.0,2.867354696133899
0.9683261010358669,0.6936696432856913,-0.613158078227644,0.026177932164768658,0.9753043900128178,0.02744902558692358,-0.8746276286083242
-1.0,-1.0,-0.3599901968075163,-0.1822298245649231,0.17993896392551123,-0.978884969548017,4.186362247843661
0.36774305212228703,0.03598494274684,0.8306191824896028,-0.14954505394580803,-1.0,-0.9028243372451861,2.62288218247492
0.08213660017622287,0.5897565036516934,0.7254591460746408,-1.0,0.6139138949172207,1.0,1.6844686136138587
-1.0,-0.38246479508202014,-0.5658677721784651,-1.0,-0.28563010898138813,0.5475016863946703,-0.9330621236483918
0.4184752200631943,0.5745436669340775,1.0,-0.38137493863853444,-0.24505158079821537,-0.3850271757494022,-0.971142499136115
-0.427394644455774,-0.5316209078825681,1.0,0.23581416783326972,-0.0025272981034465403,-0.13433531909052754,0.417179871014394
0.2733601525964876,0.7016598824355619,0.7389948820248405,-0.8673696797873691,-0.6460026787214597,-0.8780009086278113,-0.27822800412916604
0.3622368915459848,-0.7494358368938869,0.7791449436692822,-0.23336279640100915,-0.9735461670017923,1.0,2.8123996053679843
0.23951506730815042,-1.0,-0.6829116003553786,0.8116658378042544,0.09990622623425494,1.0,2.4701089348268392
-0.3885659401246879,0.7368497956220904,-1.0,-0.6240319777688759,0.4074325907333305,1.0,10.138432625345825
-0.26771130149929606,-1.0,-0.38611032063602707,0.022465013685326607,-1.0,-1.0,1.078990303172528
1.0,0.08963246573450712,-0.845013662483907,-0.17596167647556882,-0.06061465486252671,0.09636826176862257,0.576089341317232
0.2545129693143158,0.3725871768845246,0.9074584379181795,0.8314408210747399,-0.6831397030062828,-0.197903914765735,0.06672387179047581
-0.9251628703861666,-0.6150190795571984,-0.1799852509829557,-0.6341287854049276,0.08180433931369391,-0.5474150746155169,1.3131481415377235
-0.6307183256903532,0.4035827872243276,1.0,0.14021705236596288,0.8784365650273436,0.8037226318386672,-0.30984981067549866
-0.8778323090619731,1.0,1.0,1.0,0.32811792703456333,0.5939015938832103,-6.712945014720053
0.4263031954461338,0.04684357539498318,1.0,0.627209569938581,0.7400808171077222,0.6641610026594253,-2.9715780648429453
0.24807924436173,0.3115928400375574,0.4873579920882456,-0.7112998754219657,0.43731979847959845,0.9834037272324114,2.3005137831368807
-1.0,-0.4629337024597695,-1.0,-1.0,-0.8679319249030252,0.3178041105454916,-2.1251799864821264
0.5275057988093268,0.3926199012101691,-0.1315774812784095,0.5516281265437518,-0.7525015960815251,-1.0,4.017779763560311
-1.0,-0.1312931381081064,-0.4934345947287606,-1.0,-0.5498920713512259,-0.240224477717125,-0.679265680418407
-0.5345369357600025,0.179416766912463,0.895661405548944,1.0,1.0,-0.5964394484008688,0.09291466550451916
-0.40931176287018406,1.0,-0.7760329692034359,0.9630044189348874,-1.0,-0.3109395573051943,1.3324599195743279
0.5285934040727742,1.0,-0.06930875669293118,0.3089755462777126,0.18857637629220889,0.04758926425294069,0.32791063486398314
-1.0,0.17418314889272635,-0.9076158692576186,-1.0,-0.17865067830259368,-0.5467564561717098,-1.6608710844095755
-0.19495230144054254,0.8122765560874391,-0.11964142627251023,-0.5655881350495616,1.0,1.0,7.434807663780503
-1.0,-1.0,-1.0,-0.8499605501965595,0.6968035186005477,0.7068279060572042,-4.982899836336385
-1.0,-0.7825664025561254,-0.11961579746793016,-0.2578366606407619,-0.15480424017215721,-0.5796877542733065,1.3899946725846577
-1.0,0.3636430177397725,0.6981546457824264,-0.7285995098581884,1.0,-0.32173935824364286,2.848962147785325
0.859948545661134,0.31012460119064345,0.8252024600732188,0.5152760624398828,1.0,0.5928065152265922,-3.727161264868284
-1.0,-0.5792403758014371,-0.7846222237404206,-0.09033040197438869,0.6743096238248192,0.34950539426302873,0.6151314805219079
0.15894067044503873,1.0,-0.9259831981872514,0.030874001384690763,0.13660966370220218,1.0,9.609483228572643
0.0904289816141793,0.1852892479758761,1.0,-0.3412624100475641,-0.5840173066193046,-0.6740494133782723,0.945027780778219
0.6643614680139015,0.3317926428667521,-1.0,-1.0,-0.5591154565446794,-0.38985473100321794,0.10785004899548198
0.3489156679333718,0.05656448944765757,0.03431882755926363,1.0,-0.5667762015681509,-1.0,3.936498699689214
-1.0,0.8612096748103815,-0.26072756870236313,-0.8674019039734274,0.7001527301827476,-0.09753350612418532,2.8037831590843276
1.0,0.3868893331816239,1.0,1.0,0.9912932553667493,-0.38136524190326604,-4.397022676759231
-1.0,-0.5444720133530594,0.1149599956900847,-0.9157333833120243,0.13921246305293447,0.5408714866635657,-2.326621142621053
0.3574492568301292,0.02378168102239775,0.18248587363697544,0.1746071469604613,-1.0,-0.9704591560596072,4.040042621591331
0.29507641178457383,0.0488991733817363,0.73396616990286,0.9065586126991856,0.5665291039664038,1.0,-0.7087121260630802
0.6110638845294081,-1.0,0.6090102934438667,-1.0,0.2747543829432965,1.0,-1.0198472457664187
0.4972510510781547,0.6991841818988702,1.0,1.0,1.0,0.05392485510306444,-5.068384940534887
-1.0,-1.0,-1.0,-1.0,0.14120625007768106,0.025882007579802496,-6.47495686495361
-1.0,-0.42334228218632514,1.0,-0.8691759190704467,-1.0,0.9660406226148561,-4.5062463557254455
-1.0,-0.03150306927322122,0.4392068107127912,0.1256205949872461,-1.0,-0.24276899480048597,-2.794897867032939
0.8349813906620311,-1.0,1.0,-0.25810620038431,1.0,0.06487828436336646,-1.1193458352288301
0.6617755276665505,-0.3532203493618592,0.05020875800598745,-1.0,0.642704882415928,0.03690423094954387,-0.7779970143918113
0.7063773100464332,0.5880935206726218,0.7413408961784321,1.0,0.2665122050099424,0.7108295538216562,-2.1644653224090247
0.32972580364067283,0.17186913714178315,-1.0,-0.27368922226475895,1.0,0.5375138348533925,0.37244282621174524
0.5183700027330431,0.4446090304116994,-1.0,0.154779113856848,0.39013601734618025,1.0,4.706546493748441
0.543995744600507,0.3095565077287977,0.10169549610050654,0.1884877297175982,0.2851188357306197,-1.0,2.22068382451245
0.8316682001179014,-0.10358322830035521,-0.30533694087205715,-0.3980008268433445,0.5803609223123973,0.3755295534224708,-0.7384682736221075
-1.0,-1.0,-1.0,-1.0,-0.2408398694417423,-1.0,3.938001771415246
0.7648637199450087,-0.00024855524910843974,-0.3037687023855241,-0.6082056163879382,1.0,-0.5549115575692686,-1.5131301274728521
-0.19851391196901264,1.0,-0.7255368764660525,-0.8670242085543218,1.0,-1.0,2.9175953824326206
-0.5756804757476037,0.5775482929194065,0.4288570352509269,-0.4786525051568703,-0.07308845607638759,0.680923586321155,0.6145272470101428
0.07537086823436329,0.4942052854787064,0.22716504009169053,0.823233821455884,-0.27270551162686874,0.6964951008469267,0.8614950893181631
-1.0,-0.7638025620916362,-1.0,-0.5934317088229031,-0.9242173351122641,-0.8623213961544578,1.3615318909089613
1.0,-0.25172602583596676,-0.5979388108268886,-0.12511096169650804,1.0,0.12312581139670753,-3.7356503099894836
0.7592648137803952,0.1646600450388893,-0.3743347615909475,1.0,-0.6289106627301421,0.17326041754460497,1.3345146561301804
-0.09276813194503575,-0.9413802228956942,0.22071632733335717,0.07097263863237346,-0.7616916858158069,-0.33379264906027156,1.0442687642826465
0.32776863653666455,-0.2296820300292895,-0.4211092094269908,0.16769195156786834,-1.0,-1.0,2.697598621727304
-0.30874381291188413,-0.13469172742517083,0.6857282701447811,0.5734308645804027,-0.2857226970567339,-1.0,2.3821682247600204
-0.06983364203699471,-1.0,-1.0,-0.4560943491748424,-0.37375112083001305,0.24342274958645477,-2.6069487254299903
0.2588801710884321,-0.1414124499565726,0.5727605402372578,0.42062647354952615,-0.45138732794416536,0.18489091578919614,0.46427711372995145
1.0,-0.39322043103609733,0.4498881826348812,1.0,0.4859414612487871,0.3444912490985907,-2.180121671358468
0.33143041444500954,-0.8232095143583995,-0.5283902367393869,0.5733241964294673,0.4264759675434431,1.0,3.3405532777320914
-1.0,-1.0,-0.664158685271756,0.8109716729921914,-0.07207100859334845,-1.0,0.39691701802921525
-0.9904511749184048,-0.9302571006253455,0.15809589580291272,-0.5039476473694335,1.0,-0.156533765175364,2.300362707959982
1.0,0.16609153443519253,0.13103704284105766,1.0,1.0,0.5712895239016149,-2.8456572649517278
-0.6568014136655557,-0.5109543987997978,-1.0,-0.9020062431897764,0.7813959922280317,0.513854898512407,-0.9480562376634034
-0.09796926465541128,-0.8936915067393403,-1.0,-0.1656796869997399,1.0,1.0,3.315227398455323
1.0,1.0,0.5493478304887142,0.8303885925468036,-1.0,0.11072842262748078,3.489838866005943
0.8092992757533972,1.0,0.34039183257657823,0.7832787100674521,-0.1332994083825656,-1.0,5.758163266818485
-0.8286129146450596,-0.001425300429416021,-1.0,-1.0,1.0,1.0,7.742657599645532
-1.0,-1.0,-1.0,-0.21008852657071286,-0.5734660680393031,0.8425717542957174,-1.5896023181947796
-0.3188397372927665,0.7845169558037614,1.0,0.5087556117082734,-0.03532203226955566,-0.04335750635909619,-1.5865333261760515
1.0,1.0,1.0,0.05544826997964858,-0.4956850236074838,0.45144358249927985,-0.8978304314367234
-0.3375465599284666,-0.42468866680645356,-0.12104260121754029,-0.7153500989533234,0.10164738071379437,0.683197077110774,-0.05088672810547723
0.3890144475686581,0.24545360270904804,-0.2625765532644231,-0.5123353950325585,1.0,-0.01177995046211594,-0.3536081657854452
0.10586118985605397,0.2778275723500476,0.9779022388915177,-0.2086573656217134,1.0,1.0,-0.5918900535019194
-0.3396527158470983,-1.0,-0.691336139867945,-0.21761685048608076,0.4442892867770496,-0.28930314142769276,-1.813919735946762
-0.40210341829721274,-0.008981591923829635,0.28909734636375095,-1.0,1.0,1.0,5.117889150078662
0.5114283731092508,0.64023588533784,1.0,-0.28558275560556967,0.5189890045096696,-0.876231685434544,-1.7231467037218922
0.5237036387899678,1.0,1.0,1.0,-0.23430714735536132,0.38657339958555975,-3.495149954897053
1.0,1.0,1.0,0.399445211234906,-0.7424144183497682,-0.8439058811169878,4.021590316044562
1.0,-0.09850683981897213,0.16050891794981492,-0.352765408680906,0.6793811413864108,0.7867326724023804,-1.6983278515731604
0.2292149424070058,1.0,-0.38255880956031885,0.8509010550940644,-0.08112653483475218,0.2727791106777395,0.7403460299409186
-1.0,-0.6600084752783206,0.5619154197768518,0.12751480277770955,0.3340807908303438,0.7311150405818876,0.5705579454064259
0.006816261279031677,0.9681700120407782,-0.4617901263087477,-0.40947152636508094,0.1279034050610368,1.0,7.1864520070217095
0.05755998343950308,0.41308342111696994,0.9388790525196733,1.0,0.5240053570511327,1.0,-1.4242810157707355
1.0,1.0,1.0,1.0,0.8976859417206889,-0.46418327704288476,-5.297628488745012
-0.34315757848216744,-1.0,-0.22457153826351028,-0.16266889112023142,0.10882521010651655,1.0,1.0751374369500257
-0.42826083042977103,-0.2114508688007205,-1.0,-1.0,1.0,1.0,7.098214939961931
0.5623605120764921,-0.12424082589018057,0.6256078719119978,-0.09540266912923473,1.0,1.0,-1.6546551327842418
-0.6142579888343653,-1.0,-0.8255404836872204,-0.2697991090839036,0.367943912857284,0.05563322802228776,-3.580456962596931
1.0,1.0,0.840492346417995,0.5765344735214473,1.0,-0.016952355080785464,-5.856339439643887
1.0,1.0,0.8554126804570568,1.0,-0.8707782190081103,0.398226117480082,1.7288761901091187
1.0,0.8265764871824088,0.04699967373269254,0.9512657693338946,0.6205798850196402,-0.249451248209418,-0.7002684820267002
-1.0,-0.612302292800154,-0.9749301169363426,0.6729540249302097,-0.9341011134316173,0.328509579974855,-3.8844761006218635
-0.37799694370882153,-0.8638324010216725,-1.0,-0.6855961496012268,-0.8603487751045057,-0.26810776959671245,-2.0933195221180525
-0.32358780352399896,-0.24015403810655228,-1.0,0.07787911535563265,-1.0,-1.0,0.5197312405920986
0.007554403144490518,0.8004536448172048,0.6539626233366747,0.3772483001638771,-1.0,-1.0,2.252039762793771
-1.0,-0.7266043085172275,-1.0,-0.7117692360472956,-0.9446535760683735,-1.0,3.0975990685312107
-0.6251036200099365,-0.34157771710497187,-0.6731294045712253,-1.0,1.0,-0.7765009912736764,4.33218430595673
-0.7999120518837078,-0.8102579784434314,-1.0,-1.0,0.27601611029250817,-1.0,4.4231912698483145
0.3511236263746128,1.0,0.24146381179919918,-0.5272273995828349,-0.09188543649077517,-1.0,1.3676365822650607
0.06904708733408771,-0.7539280566917065,-0.5160405435347665,0.4817673581062041,-1.0,-0.5309859196161282,0.19614903410131979
1.0,1.0,0.4808197130814116,0.49491022657488437,1.0,0.1900570190852952,-3.452062829668917
-0.21792371974221347,-1.0,-0.16508192990174753,-0.6929939140124837,-0.5392040809939391,-1.0,4.104840097072762
-0.7463677896669286,0.5513534321941587,-0.3338247625588927,-0.33747397605280316,-0.17691231696741028,0.8117940687891858,1.722125900495541
-0.07427457806187265,-0.25982907710878617,1.0,-0.8476891695886475,-0.033952623336804044,0.1791794090416996,-1.1940644906732283
0.7803272286703212,0.9509465974988645,0.11795442178933868,0.639184937306936,-0.18947005796908056,-1.0,5.441208843119951
-1.0,-1.0,-1.0,-1.0,1.0,-0.6636155093188992,-3.325382427302194
0.022945782403453158,0.2978913361583012,0.6128011444719506,0.047087383379838144,-0.5375599224773236,-1.0,2.285684440545381
0.13918758778541676,-0.7479927896754849,1.0,0.8409812395455696,1.0,1.0,-0.6301520371147258
-0.3511049764420038,-0.11904858152763031,-0.3139596480141656,-0.12428921378872992,0.23620039727529107,0.35941119535511296,0.21403380700949376
0.08031952513362595,0.2041958225206364,0.9768628199690388,0.9247700958054073,-0.38974643642431217,-1.0,1.9935853107046488
0.6211617589446098,1.0,0.5133342444564228,0.8890108127339577,-1.0,-1.0,6.507081359062052
-0.8385420770380551,-1.0,-1.0,-0.16493521688625146,-1.0,0.32253491954985447,-5.255803602614189
-0.10417771868409187,-0.7578257425200898,-0.18953624445643094,0.4744328465683104,-1.0,-0.5894265474231191,1.6059073973931282
-1.0,-1.0,-1.0,-1.0,0.8890012493909353,1.0,-2.732750188429789
0.18755246273102077,-0.9914474334797949,0.5945712440987921,-0.35807487349915845,-1.0,-0.07961935437797685,4.12140894058297
-0.42166851641916736,-0.9671619372485354,0.16298961059795197,0.6575374037082258,-1.0,-1.0,2.3209314801959477
0.5859170509530431,0.7892123646042765,-0.10769810688130876,-0.36129141739012105,0.25892096769907247,-0.18357490993762737,-0.15008687784205568
-1.0,-0.48391351775222735,-0.7922789987670291,-1.0,-1.0,-1.0,3.35840852581047
1.0,-0.7816275378741913,0.1977945349000752,-0.9113529294548188,-1.0,-0.841444673051065,11.979077086708072
0.10003769917636418,0.8485537665884868,0.5188825910124215,0.0686598158628231,0.45851720631385817,0.07122845167214328,-1.2260789756951447
1.0,0.5881615380908558,1.0,-0.3343818994388994,-0.4558634091292501,-1.0,3.8893804000247205
0.7398368734392113,0.8354140347279766,-0.9183165316839486,-1.0,1.0,1.0,7.522205175975361
0.9732783405233363,-0.6672006078674866,-1.0,-0.34315278790325465,-0.6456337281930362,0.40344439461712434,2.440680028759568
-1.0,-0.18849576256768086,-1.0,-0.7228792872449126,1.0,1.0,7.1703159532524
-0.17078543076652264,0.7805479009813867,0.5417413449492963,1.0,-1.0,0.8855172730195587,-0.541003603778516
-0.2622680183682634,-0.16649174599587077,-0.8020241701818067,-1.0,-0.1110427633673503,0.05640888945092362,-0.8064555220052566
0.19383104867905435,0.38190061192292973,-1.0,-1.0,-1.0,-0.2070373058405583,0.6582960969165867
-0.31106389885460173,-0.2621463387317059,-0.6141843086683562,0.3305264955592511,0.10510320122832534,1.0,4.449469876131658
1.0,0.6937219097729608,1.0,0.9820841895305845,-0.21004183088785666,-1.0,3.574494482005564
-0.6358742640570514,1.0,-0.015547125847434382,-0.17513378010930125,0.9402544288547942,0.562580149886652,4.357763908395616
0.3135219914656665,-0.25347364987751675,0.3893915454008385,0.9891349862984568,-0.329481853573949,-0.11051810806887352,0.10890065796704784
-1.0,-1.0,-1.0,-0.35245114809646183,-1.0,0.31898865403219523,-5.193965023409001
1.0,1.0,0.8698530980189147,1.0,0.40555175020701184,0.6534060880530812,-6.034254555627155
0.9270378186397821,-0.10717905805549965,-0.1344685909446649,0.7121965754809386,1.0,-1.0,-0.5899802098216917
0.3831663659385236,0.39322813488915226,1.0,0.5650907808814889,-1.0,0.03363461088652475,-0.38535556339054655
-1.0,-1.0,-0.06990286252319078,-0.9198619878864542,-0.9070080428263312,0.275459695230796,0.0414505804076154
-0.30913662045659585,1.0,1.0,0.06696778301266526,-0.1389756299260534,-1.0,0.045449281951723375
-0.3027943629241907,-0.5520261498959538,-1.0,-1.0,-1.0,-0.14676107557192908,-0.3100329643734851
-0.2566505483757773,-0.35246393464905534,-0.08789377829554815,-0.19546812283447731,1.0,0.8789797033751716,2.965416281523472
1.0,0.10794110615263075,0.2765808626453923,0.2132511925308438,-0.1683775277110807,-1.0,5.7943228672630935
-1.0,-0.9465209994095501,-0.45262691581417913,-1.0,1.0,0.29552361244133185,-0.19762372894139502
-0.6788075180067126,0.6498781333892149,-0.018889120748680148,0.414580852167228,-1.0,-1.0,-0.821842037453913
-1.0,-1.0,0.13809081307899876,-0.8876415612947192,1.0,0.07287303138462664,2.578593759960234
1.0,1.0,0.6609823208784995,0.4550771339360511,0.9190348346450453,0.7333244017881709,-4.09657587524036
0.9845150471286703,1.0,1.0,0.3108797636855025,-0.44565180662891457,-1.0,3.586552022273246
-0.1287226340567098,1.0,0.02347974365705674,0.11509934240439557,0.8562460845833972,-0.8386928250922491,2.535032050599681
-0.3608285618524314,-0.8019361587690157,0.35406454354715733,-0.005345396988830409,1.0,1.0,3.4993817985236753
1.0,-0.669620236051145,1.0,0.48954244356913557,-0.1860449741239608,-0.5274214980822682,3.282931053277776
0.12261481456707071,1.0,0.3195776636421026,0.7218820297676787,-0.9926194872293195,-1.0,3.1623533333965437
0.3502458672392609,-0.10411554124801092,0.04795469632090987,0.9738093578007951,0.3420640513188169,0.27125613957287786,-0.03385552323955342
0.5280575357168619,0.5135912747570854,-0.636879338882625,0.9023025226698238,0.10582754030342106,-0.34300953358587716,-0.49543275023351335
-0.3362485763058489,-1.0,-1.0,-0.41718341788627544,1.0,-0.5195003292466698,-2.5064677248191685
0.6720442666826679,0.19824984891024222,0.20186385762765613,0.8885212968312046,0.08006311610371486,-0.218157788219715,0.2965294227603694
-0.4561624855569043,-1.0,-0.530630963443895,-1.0,-0.5496975897950124,-0.9903856334304163,4.394239019090593
0.744129314628383,-0.3052948293780091,-0.6735915079696668,0.45249526669752343,-0.8722612486739372,-0.01628261919632812,1.6645213365054303
-0.03855129823413117,-1.0,-0.6696332962791204,-0.45955413000484757,0.3804542960001413,1.0,0.8365460071204366
0.37680849320884413,0.13447165943689732,-0.45731144107820176,0.36605071608918793,-0.6104031812154496,-1.0,3.4736239179200012
0.2333400507957839,-0.7352509086562604,-0.5355876229518786,0.10380296901989293,-0.1435826017470766,0.490040633122129,0.41142365307330675
1.0,1.0,1.0,1.0,0.02699908144300711,1.0,-4.629263960376399
-0.8396605810736028,-0.8412404212822477,0.5266884800263669,0.513367053184349,-0.009310355087704503,0.12503646463479368,0.21815077603988636
-0.030228721128272462,0.9326867069291964,-0.5132429482411648,-0.8418015339819851,0.16871481834916002,0.14565060537612884,1.7056318171484426
0.6849729118610057,-0.14519685177569297,0.9006109739328494,0.7925335204364548,-1.0,-0.5440974155557532,4.960238735050778
0.5846588628933715,0.22215086390595884,0.20456371062125667,1.0,0.25507684080741533,0.2986620710320286,-0.33993279680531957
0.46704246057766396,-0.932331268535904,0.5394383212734177,1.0,-0.24285191141955909,-0.5024583348021653,3.074914061120883
0.9275144774596344,1.0,0.6909351589920806,0.5926536683952188,0.23375829810724347,0.8939643639051983,-3.231120650928845
-0.24191486952881408,1.0,0.3809077418051215,0.44760540344738425,0.7063605288160721,0.5485198818117538,-0.1568413156959467
0.7618364065736927,1.0,0.49599789465385036,0.9852290577332736,1.0,0.3728821196824954,-4.341725957988906
-1.0,-1.0,-1.0,0.030881763465370637,-0.6628088956493025,-0.21059278173612023,-5.3699786789877235
0.4130309566384647,1.0,0.40461931473634144,-0.59485361533648,-1.0,-1.0,2.5987522917503667
0.12771401168544572,-0.07651564312346992,-1.0,-0.4310798388627617,-1.0,-0.6535655192641141,0.599564975597927
0.22335529522455166,1.0,0.902278274544096,0.22802219940504997,0.1931335285553697,1.0,-2.020607444568983
1.0,1.0,1.0,1.0,0.942778713032675,0.29927064842991047,-8.70819159971491
-0.17907659925133124,0.8546469007777888,1.0,1.0,1.0,0.2502863226195562,-5.82675414390056
-1.0,-0.9532899330501328,-0.6624182566477782,-0.3899748217219622,1.0,-0.32805001832235775,-0.9702716488795251
0.30908312921097825,1.0,0.17796206364486733,1.0,-0.7003615484448018,-1.0,6.320076862266271
0.5265640671474892,-0.17393950144120507,0.20034495169860128,1.0,0.18795405048562963,-1.0,3.8297944624479388
-1.0,-1.0,-0.5110275292940898,-1.0,-0.1979362534564617,-1.0,3.4764099821036916
1.0,0.1765681666464911,0.5907943889220448,0.6852515537072026,0.09363724425651554,-0.3015096254878572,0.07485967349451411
1.0,1.0,1.0,1.0,0.7432401129901118,0.8916419100762901,-8.948938871017287
-0.596672558260644,-0.056761236756497135,-0.0003458466281882622,0.05962223149907109,0.9862950718545446,0.3270295437135874,1.8214531816005675
-0.25702747701788214,0.7494334898534922,-0.12391832449285939,-0.685840278825534,-0.3720542622605292,0.2147565777492828,1.152065526394491
0.5535835095953257,-0.04204383794418276,-0.10074485339155914,-1.0,-0.4596114312770533,-0.16945821458232024,-0.08104159639561437
-0.5852435588191909,-0.2372040261848205,-0.5852132390153646,-1.0,-1.0,-1.0,1.9353911727275983
1.0,-0.5793264565397281,0.8052321035388188,1.0,-1.0,-1.0,11.681040493038836
-1.0,-1.0,-0.7845767381885187,-1.0,1.0,1.0,-1.123187234468991
1.0,0.9388707375939007,0.11810988700175495,1.0,-0.5701488185112271,-0.6769756020146296,6.527479771386469
-1.0,-0.21446861477523427,-1.0,-0.13061772919423267,0.0312098559554308,-0.9741883026245428,5.808041161631525
-0.23242930739861875,-0.42288758478358807,-1.0,0.2811049931753077,1.0,1.0,7.639161850981183
0.047769210027040876,-0.9101003666080125,-0.05026039083324574,1.0,0.4837726673337708,0.048269287621961456,-0.21365404503643332
-0.3970469873157364,-0.27501856523868967,0.30603887805337787,-1.0,0.4001498879281491,-1.0,4.5659185889154905
-0.49737814954467485,-0.04848537740915726,-1.0,-1.0,-0.46044061760229216,-0.27915723790114555,-1.945075053855867
-0.5977882744494124,1.0,-0.016022008603363447,-0.450329540254763,0.998216123765771,-0.2792329215209466,3.310317963591272
0.4879668771351826,1.0,0.5769141916245033,1.0,0.28015421380495265,-0.9192542506311727,1.2700296920048795
0.2941309754203405,1.0,1.0,-0.9106135838587218,1.0,-0.22485844813558115,-3.319742779015531
1.0,0.6499512299692538,1.0,0.6377985265282184,0.41521352989559895,-0.5389970087798962,-0.8792961628694046
-0.1396865105776621,0.1955380070440249,0.10251011334080473,0.6369419115239532,-0.37878319641523395,1.0,1.4703784292255087
-1.0,-0.12186316471909264,-0.9239900743791378,-0.8528475690282245,-0.16340022572522805,-0.9738751531604648,3.9278542958912257
0.32607330816044733,0.3534555578759586,0.6279394680031287,-0.17942670706992697,-0.9258528981318308,0.3960977406630055,0.2983843976327628
-0.9723757596509156,0.8184755969554356,0.7025508041844566,-1.0,0.87041075937565,-1.0,1.23006769778462
1.0,-0.01809522893716914,0.05757910935548033,-0.1617196157270614,-1.0,-0.4935911736849423,4.456355466915937
-0.3914412071741057,-0.28877631188194186,-1.0,-0.41931432831034415,-0.3757532169580642,-0.5092708781386142,-0.1654927267054575
0.18201588028993998,-1.0,1.0,-0.6256764271448674,-0.0013699746562054749,-1.0,7.1469413564476065
-0.28168180205647825,-0.8105176983816642,-0.7826261861113568,0.5170465468818246,0.41786535463856134,-0.21546207888392377,-1.4699084066861905
-1.0,-0.2209298299420257,-0.6267064325726428,0.37590328447508736,-1.0,-1.0,0.06336937000018261
-0.5318216279637549,-0.6848108406503203,-1.0,-0.4757358169379462,-0.4029619501246381,-0.46665734723963215,-1.3871826169388908
-0.6852553290728505,-1.0,-1.0,-1.0,0.033683142521048315,-0.17808499340704143,-5.114451676215335
0.3878741426949426,-1.0,0.6277828443852987,0.4130108598337312,0.27757892902759557,-0.9271923562462133,4.836878951409355
0.9083968275877425,1.0,1.0,1.0,1.0,-0.5452424492216378,-6.079596861752219
0.4812278145114478,-0.18157113828808935,1.0,-0.16071727356753995,0.4893077742466255,0.9499744728662665,-2.4353141505056515
-1.0,-0.121876010700537,0.454938363069323,-0.8034509580821059,-1.0,-1.0,0.13638233904659047
0.37145334107579225,-0.434291561180447,0.08605619887640084,0.3494686013039593,1.0,1.0,2.0809183349056313
-1.0,-1.0,-0.47202201848073,-1.0,-1.0,-0.623499702272819,3.592277955922826
-0.35578321917338435,-0.5449461431100449,-1.0,-0.37578896699868425,0.11306743982692757,0.48503245357673586,0.9242019694258274
-0.9020145371311424,-1.0,-0.5990250560633528,-0.20387051215021912,0.20185319774628874,1.0,1.2945687420860466
0.9195628507275863,0.7419630051795937,-0.5467330775359177,-0.9548579926362865,-0.28277400165771027,0.8783802251430051,6.300069362571986
0.6997422786465193,-0.07366820250686618,0.2296787657728696,-1.0,1.0,0.9935095269542895,1.5200848625995038
0.23521930408231295,1.0,1.0,0.9608904626918893,0.84790693386239,0.9279577084182131,-6.522998262753687
-1.0,-0.03843896826931226,-1.0,-0.5150893748175511,-1.0,-0.00970767359212378,-3.238839664522255
0.5466904336912889,-0.4460015026816964,1.0,-0.028806817958196673,1.0,-0.4287424960183579,-1.225637535263999
-1.0,0.6565127041733594,-0.44638289233795314,-0.22080129832476136,-0.17034582404590004,-0.9542821705439561,2.363660116585482
-0.1400402574731448,-0.08544934911855637,1.0,0.7530064536577115,-0.3490123512006218,1.0,-2.5258818325404224
1.0,1.0,-0.16726901845208603,0.8824541253275122,0.5024735745942258,1.0,1.1451978966720966
-0.6956766304165363,0.553350720157424,0.020318339429081074,1.0,-0.9263506106757287,-1.0,1.4581257617470755
-0.5061341140282578,-0.6804065731253143,-0.6390720316463245,-1.0,0.7808984007464786,-0.2998304284664709,-0.0862410958172719
0.9647111170336632,0.5460797792224316,-0.04388610102301643,-0.24221752460288887,0.30931446237337834,1.0,3.0333754117792084
-1.0,0.2195744215744443,-1.0,0.5613998892511376,0.941095634560227,0.6004025616593829,2.3524612792178243
-1.0,-0.7053267343425076,-0.10683631080063893,-0.17621052031036366,1.0,-0.5802099961710392,3.7678740152309462
0.3357014062469813,0.25374527766865035,-1.0,0.31498040742213557,1.0,-0.5292183218334197,-2.7077264852661282
0.9103661469082152,1.0,0.8637428529735116,-0.6158870035733002,1.0,-0.649116062798097,-2.4626297938100983
-0.49588885226202284,-0.41676922931423277,-1.0,0.25910385756036164,1.0,-0.37406603247383735,-1.1772140926501686
0.20302518061518138,0.03026341447972944,0.05660766374673343,-0.005742340622651887,-1.0,-1.0,3.217744310477653
0.22376042454730127,1.0,1.0,0.17656493166846454,0.19414838258999223,0.03815892818244998,-2.294445823498311
0.9624595105598055,1.0,-0.4467051285188,0.3883593738933431,0.4169529117521151,-0.7449330281455018,0.9804978412904991
0.45851890894604036,0.5620705218151743,-0.6785817633636076,1.0,0.527197463449073,-0.45505335664443475,-1.2284238905594742
-0.9623733008588721,-0.961037812509057,-0.6986403271072034,-0.15584288388953382,-1.0,-0.0038454777716230293,-3.7265683736940476
-0.8082903760135747,-0.2997033235950407,-0.5515467243125136,-0.9370153047592863,-0.9208722673780664,-1.0,1.4813091658260455
-0.5674346254907822,-1.0,-0.35092790426433695,1.0,0.26866513353780774,0.10468860648573752,-1.8540218736974523
0.22321676065382845,1.0,0.35690306827939566,1.0,-0.6233817048584599,-0.7200338991406021,3.1645974644537676
1.0,1.0,0.029637475039999472,0.7257348445403484,0.7729884123548731,-1.0,0.9950941080401194
1.0,-0.45306591360156934,1.0,-0.8208714013946845,-1.0,-1.0,10.872449535417218
0.29723557393878164,-0.10331673563089971,0.9370665717835239,0.7750000004279648,0.42150645515172974,1.0,-1.1632163104034303
0.3470680609973701,0.7406719145528704,1.0,0.38060839528949997,-1.0,-0.7070148899083106,0.2356779580564599
-0.8097771529508414,-0.7037952161565271,-1.0,0.12602927506737094,-1.0,-0.8734278314086115,-0.8000398309030976
0.46528257763712794,0.3046031905866085,-0.23564956681913485,-0.03569496845997827,-0.37755564686545084,0.3249119217038544,1.2217867349445182
1.0,1.0,0.8547868299378436,-0.08344093935915808,-0.3642773863286805,-1.0,1.4502761590081117
1.0,-0.07092405375440158,1.0,1.0,1.0,-0.312118630229949,-4.403090299110924
-0.46840290138736185,-0.5839799464045172,-0.39663911176282113,-0.02705850752753025,-1.0,-0.018896718117971445,-0.9678383092851285
-1.0,-1.0,-1.0,-0.06889268437107932,-1.0,0.03163723065540945,-5.884114956218471
0.9028383967472933,1.0,1.0,1.0,0.8441017407847524,0.49328613697099755,-8.187316476377479
0.6710511291448595,-0.7311988690399641,0.36142158974024063,-0.7433770910480367,-1.0,0.026486326425517126,5.028893483185551
-1.0,-0.9486586526440685,-0.31740638111411723,-0.08018342490382202,-0.29017754050084205,1.0,-1.3774728707533663
-0.21218329104489575,-0.7503470376194956,-0.025312592312249582,-0.4869668321629639,-0.18044595893461357,-0.6039195860361783,1.8092918297913385
-1.0,-1.0,-0.9853839000677862,-0.005962588853560602,1.0,1.0,4.545945242429972
-0.4669421959370653,-0.9590754320413706,0.18681774073488938,-0.9156023947168074,-1.0,-0.29365612684429165,5.490523295449474
-0.5266739343277608,0.9155791741108198,0.6825064249270776,0.6803154597212003,-0.9195730747751596,-1.0,1.525341502317703
-0.1252910428974301,0.13487195626636894,1.0,-0.3497420072871484,1.0,0.295560963115591,-1.7222637382353483
1.0,1.0,0.5753857354779612,0.9729087388028232,1.0,0.42156525585525434,-6.15468289944111
-0.6090284554449455,-1.0,0.511565408070972,0.6003655742260503,-0.3952024734721744,-0.6078522018650364,1.5905520146983112
1.0,0.24946490441746283,0.4648170635200489,-1.0,0.9926999327636381,0.0444836023334062,-0.0734418692367933
-0.6727400558497955,0.2012435289372404,-0.19953668699751795,-0.7166055713239927,-1.0,-1.0,-0.6172454840842809
-1.0,-0.5932607315548641,-1.0,-1.0,-1.0,-1.0,3.8976636540034852
0.7237646572467713,1.0,0.17514415688447227,1.0,-0.903492831155969,-0.5531650855483518,6.250125483387032
-1.0,-1.0,-0.9258380400829456,-1.0,0.400439771779197,-1.0,3.125241295372742
-0.7962070868970745,-1.0,-0.6254521876390757,-1.0,-0.18951940447804005,-1.0,3.1168306566181423
-0.9364532775628283,-0.07500022018182212,-0.1532472040892922,-0.02663300307845795,0.19905508479365075,1.0,2.5605085408026045
1.0,0.20591744163967363,1.0,1.0,0.2667490699288693,1.0,-3.349576428264192
0.340978149658582,0.9782054444187636,-1.0,-0.6998392977297306,1.0,-0.3214458895263037,0.7632739633123706
-0.13607792261537588,-1.0,-0.17507533906357087,-0.6143097019928956,-0.5137077984160949,-1.0,3.941558403241018
-0.13413191186534412,-0.4157524484953202,-1.0,-1.0,-1.0,0.4697209443038801,2.0428992042273744
-0.9858102664674091,-1.0,-0.11337808766734447,0.7269751161617029,-0.5742050380338197,-1.0,-0.1409281497101018
-0.08210995879980199,-0.6243212012218518,-0.6867255464222166,-0.15825903347773468,0.7654735150381042,1.0,3.6321933167877902
-0.7427848181589096,0.14777957405585518,-1.0,-1.0,-0.1828592266472574,-1.0,2.4298308191840983
-1.0,-1.0,-0.11731354618353018,-0.8563184878678776,-0.27900876927764684,-1.0,3.7911533654393894
0.6371059161675332,0.2517984146466874,0.7814864088930529,-0.5568819234399299,-0.8804304637745837,-0.9943305282234588,3.842223591704336
-0.962816215206888,-1.0,-0.5809054436183658,-0.9454407887966005,-1.0,-1.0,5.396672042772278
-0.7614031465659391,-0.6604766005971513,-0.059693424455039,0.1033187922956591,1.0,0.6946809255397366,2.4751538620854316
-1.0,-0.9221688654641161,-0.1338278912696691,-1.0,-0.5950166798616642,-1.0,4.105006877795441
-0.15415729012650115,-1.0,-1.0,-0.5244360204149778,0.1390864257664206,-1.0,2.1809305325643598
1.0,1.0,-0.4057330313272216,0.9030937929882089,0.06400587365761357,-1.0,5.941087771292091
-0.7394773885779435,-1.0,-0.34147700246980606,-0.40147929349633554,-1.0,-1.0,3.0247723487869558
-0.061457053637640646,-1.0,-1.0,-0.09075338889887835,0.8331087777480759,0.8973173937839234,1.7994546098375006
-1.0,0.08613035085727624,1.0,0.9342226047552724,-0.36500418943614643,-0.8175446916112205,0.16664023663571587
0.3129060406016353,1.0,0.8062911117150684,0.464295326366333,-1.0,-0.10251115952101175,-2.054122344261671
-0.3989543087330836,0.7859683593341062,-0.7694544598165454,-1.0,0.8360938427769093,0.3774517980208191,3.599672215783406
-1.0,0.4719335370822538,0.8025736040476577,-0.04580201534880701,0.8733011619593708,-0.057804805070286,-0.4166856684556922
0.407001317683526,1.0,0.2812389454978913,0.8060518342136059,0.7591011781101447,-0.6443360512410008,-0.8781812459143924
-0.3265452409156808,0.9765375296110772,1.0,-0.17378310286604845,-1.0,-1.0,-3.8609315310988843
-0.5352769830446896,-0.455372215936686,-1.0,-1.0,-0.003830991163173786,0.42886148768358356,-2.132548507542453
-0.7009148596452754,-0.12917582245853554,0.07695317451408568,0.33627977129757153,-1.0,-0.6087460463065575,0.4462240387798382
-1.0,-0.054004262332773834,1.0,1.0,-0.43270004043705346,0.2971334868534663,-3.857809533286537
-0.17894387581603843,0.33908245831828315,-0.40687787574895323,1.0,0.8360986127539517,-0.15721936601720657,0.6055454232783483
0.1708326503663376,-0.7447888455586145,1.0,0.11296867475345268,0.3282074365470963,-0.7321219643461175,2.524274990613413
-0.21425049245278116,-0.21781849022239436,0.14475307046615848,-0.5021151543483497,-0.17625992838078774,-1.0,2.0870873843412174
-0.2613434952367832,-1.0,0.06549981689277634,-0.010280829254606272,-0.5930002120016018,-0.044934900937079636,-0.471780923969359
-0.33404537988586336,0.7113171765640709,-1.0,-1.0,-0.045646588351233114,-0.22833464978322104,-1.5774839539233394
-0.37404798403657047,-0.15820908222941643,-1.0,-1.0,-1.0,-0.5262538322739065,-1.0188097449058975
0.007876390595907279,-0.7102434571790102,-0.8882595323097504,0.45137327499120844,0.4616549312228725,-1.0,1.6709807058369215
0.3330484292257955,-0.07770786470782753,0.670689467780387,0.4375755415467514,-0.23553493538865056,-0.35983617656330774,1.1350917882633786
0.21682399559746363,1.0,-0.664508287986924,0.41310847890275015,0.7000950905703496,0.32519631378753944,1.6440645416070154
-1.0,-1.0,-1.0,-0.1805276649396912,-0.2264253164287635,0.7917765107756786,-1.0776680250573576
1.0,-0.1811085010314405,1.0,-0.31496001084741587,-0.019622673123405265,0.13021905681547985,0.6716430358093721
0.39140061960882955,1.0,0.3254206103495272,1.0,0.6847908421691764,0.8629666854096926,-0.15014432331599448
-0.7151933041335106,0.028425209194018364,1.0,-0.8937330379924565,-1.0,-1.0,-1.5829639283633963
-0.8707688139600164,-0.9144523275262518,-0.7999358931705962,-0.478797243252991,-1.0,0.4439372599460274,-3.2298952664229086
1.0,-0.21950731446309846,0.26713373903040494,0.3420202020630738,1.0,0.15064411676006637,-3.2549120875369266
-0.7323728623308465,-0.6179647136936782,-0.5319924101418834,-1.0,-0.04706511461982932,-1.0,3.456000753403487
-0.2427031671709753,0.8273752444274274,0.7417989775688335,0.9916434328578261,0.7057159984328735,0.7856666823721523,-1.9970529214902575
0.8474665207606837,1.0,0.12487301903208835,0.5408551082007051,-0.9778875546700665,-0.49805577220022657,3.094015258813791
0.23924518723326094,-1.0,0.07745127727698703,-1.0,-1.0,-0.42610448266723266,9.046836897638482
1.0,0.8464174323159954,1.0,1.0,-0.3039326693556319,1.0,-2.679492612604559
0.9371986783326518,1.0,1.0,0.7239322433433151,-0.01397314885081978,1.0,-4.670029706222553
-1.0,-0.27217556258324804,-0.46539264256185486,-0.34322948567231526,0.2827854845864912,-0.05745918919339876,-0.35634823956118766
0.46584669515147015,1.0,-0.33459289910862156,0.3941799029790261,-1.0,-1.0,3.80606704805876
0.10086885884240493,0.3182736001852424,-0.7711771981902538,-0.219347773387494,0.42807586075453935,0.563002763168325,2.072888445126423
-1.0,-0.45941455514080004,-0.377385525107359,-1.0,0.28704521228417257,-0.9719642838093943,5.057838591451525
0.06085834037858928,1.0,-0.7013504468728077,1.0,0.08834798146869677,-0.8203419515799318,1.6035710859685983
-0.5571287460186604,1.0,-0.31592950317984186,1.0,-1.0,-0.03089137184851909,0.36442673466791387
0.7236860345420091,-0.9225137265555566,0.440257648311414,-0.3804879856889658,-0.09000620989812869,-0.018313566001614018,1.3733865083767667
-1.0,-1.0,-1.0,-0.800944373409776,-1.0,-0.2140145532964386,-2.9795697175309637
-0.6623793153811954,0.16263302060113893,0.3017696652188793,0.38455326479777563,-0.20516095885469193,0.8518923075404383,-0.463037294062378
0.3659115365465806,-0.7921687144655846,0.8689346424723104,1.0,-0.004104611105361977,0.02211134910781487,0.48311647400136926
-1.0,-1.0,-0.1382660588613891,-0.8123077783093025,1.0,1.0,2.0148751079637157
-0.19252257638767034,-1.0,-0.9541025759746189,-1.0,0.17945217693288784,-0.3069248869288267,-3.8160600923459667
0.42711772113212315,0.7817469491466043,1.0,1.0,0.5573884217810725,1.0,-5.171614730219503
0.1579659118200143,-0.06900617612264703,-0.8627191185309602,-0.6814933110782402,0.9733914142828719,-0.6056991023940324,-0.42611125656745485
-0.1908932499623997,0.17036451205871594,0.4646722369757189,1.0,0.28351549414763755,-1.0,3.3017791084699333
0.49841659525795773,1.0,1.0,0.9220609300112514,1.0,1.0,-6.611747869548392
1.0,0.19368555731344736,1.0,-0.11741910709966508,-1.0,-0.8775571855522312,6.491213110733821
1.0,0.6657090669505026,1.0,-0.058588226277882044,-1.0,0.6760141286415253,2.7032751808517257
-0.7590587837472262,0.12844871607843922,-0.12840403111140733,0.25172709915433866,0.7638707824434847,0.006198958192871751,2.1243481252060805
-1.0,-0.5358002320463806,-1.0,0.0190733527171546,-0.4948888900843411,-0.2221018494716408,-2.6596627020351735
-0.68177061580494,-0.26037613099926415,0.27123315569808726,-0.0011592994876488127,0.5091477133796375,-0.4484462513066658,1.1063121866889567
-0.7390610276282571,0.5048040208104289,-0.717249011243477,-0.23435522090290745,-0.8098387320620519,0.2633369130565162,0.040096946112071596
0.3024580476769331,-0.2570369933439669,-0.7333796575463543,-0.6663037965958385,0.4918994594396385,-0.580801929382395,0.5575154139678995
-1.0,0.7961351125053056,-0.8498040307336954,-0.21957115367605684,1.0,0.30717443346509077,3.965078775524145
-0.9622225580810495,-1.0,-0.6017356284925183,-1.0,1.0,-0.8921445937123909,5.080132615086315
-0.5943877660386057,0.6032049816908702,-1.0,-0.006815845386028606,1.0,1.0,11.129113927850383
-1.0,-0.5740272506879116,-0.7168324195014701,-1.0,0.13879106121601403,1.0,0.9373924229377317
-0.030132044299660432,-0.32393231238339903,-1.0,-0.39147173944986213,-1.0,-1.0,1.2326449773764687
-0.006347497976843752,0.382693592534477,0.5564614221942682,0.05617378185067032,-0.6480950892239667,-0.6222758460788258,0.6408985855235636
-0.5361378456589116,-0.14721646341248684,-1.0,-0.0940413881133988,-0.2994217131569201,-0.4769364496521664,0.635312323134362
-0.19602437571879056,1.0,0.05310970928865577,1.0,-1.0,-1.0,4.485858226218488
-1.0,-1.0,-0.1752059577784838,-1.0,-0.28665105095356547,0.5909175730403264,-4.833597411403277
1.0,1.0,1.0,0.4523953906645872,-0.29396352885710353,0.2890978129454106,-1.7323316207316604
0.25867355711791573,0.6147040824032961,0.693710489931193,1.0,-0.07990730433660098,-0.3269748613321344,0.7327613408425233
0.3805933849309534,0.3955721819475335,0.1949312808447058,1.0,-0.2686167862816786,0.10268008848666897,0.009555947107242613
1.0,-0.18047660681867012,0.2914546814479266,0.795195854613905,0.3728313709973423,1.0,2.35862522316952
-1.0,-0.4327769218770622,-0.6214852275647743,-0.8792412773372696,0.15625722587047652,-0.6617682907510971,1.7688069653217253
0.6999149718098792,1.0,1.0,0.943054640667492,-0.1521002095865262,-0.4843352046822349,-0.8656677458948173
-0.19807297296513826,-1.0,-0.5051348203465382,-1.0,0.17802230150752107,1.0,-1.278818639983875
1.0,1.0,1.0,0.8160045362740488,-0.2943157814629625,-0.021990819450230736,-0.5782828058093828
1.0,-0.09055424665002954,-0.879354039262316,1.0,0.5508518655749369,0.7845578813323786,-0.0906645507833691
-1.0,0.3739431118921559,-1.0,-0.10763456884095035,-1.0,0.08943823347651009,-3.5363985088554877
-0.5309388755581488,0.713729236289372,0.2898189622523438,-0.2438722700784089,0.0826354938448075,0.5533036328869274,0.9024693736140865
0.2311906747978063,0.8981421749899476,0.958720235182033,1.0,-1.0,-0.2567287030735017,-0.4734607845482003
-0.23194239367763547,-1.0,-0.5347369616726682,0.8902741260951095,0.810259929607006,0.2508610857915317,-2.267962755248542
-0.05776758974216911,0.9274400610299205,1.0,1.0,1.0,0.010162239300396392,-6.247816624161167
0.4526227333801474,-0.06646145177890755,0.33893026605048593,0.32415005019900556,-0.02443317600449224,0.4121078588185697,-0.27276690689742505
-0.4781422027684202,0.8057013401746993,-0.024179614827500306,0.7259574886947897,0.6633077725884694,-1.0,1.3333329185575453
-0.11953679738617881,0.6799074307022759,0.26856835689715886,-0.3081066454639111,-1.0,-0.8965530210266486,0.5165132078220421
1.0,0.8885849580039962,0.9662401503547386,0.8914980951280327,-0.5759247015995568,-1.0,6.656230647227763
0.40276360432036507,1.0,1.0,0.5910377480573359,-0.3045945795461504,1.0,-3.724954410356464
-0.13976599527351802,-0.736942683138017,-0.47284571823683785,1.0,0.10652217835108879,1.0,4.856394478401487
0.3260903486592061,1.0,0.4016806161546931,0.3396346309013315,-1.0,-0.6044016046518792,1.693045747099825
0.9736452997752262,0.6826948425069418,0.5623498120408614,0.30053380177542904,0.6617202045573747,0.6860352305885844,-1.929376207712452
-1.0,-1.0,-0.46133668544572726,0.24848210035315088,-1.0,-0.295566012925365,-2.0466177412716164
-0.6808169403803428,-1.0,-0.5366322305144564,-0.08301594222129788,-0.3998409559112934,-0.8091561985040451,0.46251230341186933
-0.6765979125028232,0.14117108313313076,-0.9161734903068754,-0.8901920940577521,0.8123161948260843,1.0,8.504809597545503
-0.7094487360488639,-0.6076586563200574,-0.6260806033227699,-0.4170980370874646,0.14196436310358562,-0.6483723557402042,2.263197209059566
0.11412980800748737,-0.4029873708661474,1.0,0.4924423049922896,0.6314676307183147,-0.5041177630432931,0.6418934583856333
0.29433661459275323,0.3361178073694364,0.780836635927922,0.07759175385274752,-0.3288262804648763,-1.0,2.86606460388535
-0.09659873133272542,0.8085323063541375,-0.8173612305862552,-1.0,-0.16227572152536524,0.12521360750967464,0.28886514080396364
1.0,0.5888636557928224,0.614959298620914,0.30842070514330056,-0.9115777365247568,-0.3576478112378857,3.100603810657744
-0.5919469608685008,-1.0,-0.6081102463142259,-0.11548991515877582,-0.09788989989517671,-1.0,3.215402023289583
0.4511040178286493,-0.32564031502948354,0.39569175021145264,0.1279782978224745,0.947122603453834,-0.3890104578020983,-0.7420009119019345
0.048065223707246196,-0.6746667323109952,0.09687141912645414,0.2028203728366408,-0.992441170260494,0.8980396383372979,3.21985995817231
-0.8285786100583143,-1.0,-1.0,-0.5314013169182201,-0.9574908656487813,0.07179117175973487,-4.071655665686347
-1.0,-0.38170418431805353,-1.0,-0.9121398924635349,1.0,1.0,5.8974853241370075
-0.6470026650173027,-0.43366475014032285,0.32781763823113863,0.9848166464730597,-0.2985437972528847,0.5085653570580013,-0.7794289354011721
0.9585084768441796,-1.0,-0.875647610688769,-0.2916018786152517,-1.0,0.2609573023053797,4.322144313989849
0.0403768161902221,0.059657970664772936,-0.250508306501973,-0.978279266608674,-0.4300893625293096,0.5031456363319229,0.5723334343759986
-0.048763806959832845,-0.7480152147976311,-0.9106713030553522,0.26200131345909994,-0.4768849884961103,0.6913168802695089,1.4938253164188877
1.0,1.0,-0.6268765086930832,1.0,-0.35779957039145965,-0.4796597186468162,4.987414926624434
-1.0,-1.0,-1.0,-1.0,-1.0,-0.9951991853898174,4.044376230141515
0.37319720320524763,-1.0,0.4618003516469261,-0.5280504288538183,0.4752587494020256,1.0,0.21582174982747537
0.4298327558593056,0.05608859552370986,-0.8807780344682784,0.8261076657007551,-0.15137109913157887,-1.0,1.9643015903730099
0.07507588104728638,-0.6184429831316646,-0.7183926285596801,-1.0,-0.0758069356228552,-0.8679158594421853,2.555176708582938
0.29871262305210533,1.0,-0.3870479548435045,-0.47419186030366756,-0.8751754279062248,0.7644024272056651,5.783574349356035
1.0,0.267088176766447,1.0,0.45049822154691666,0.14249413728668214,-0.7442487877376281,2.5919057711468394
-1.0,-0.8779491190640605,-1.0,-0.3194364377156591,0.991652824777778,0.970635391882583,3.960672815579468
0.6853876458547956,0.5397330333622423,0.021113960640652296,0.7517624424820741,-0.07602514258477226,0.11741915178155754,-0.5632854839604382
0.3516740440391539,-0.48844768837823604,0.7038063792265924,1.0,-0.3164080622206521,1.0,1.0706054662618794
0.12299928396338655,0.3351263514803139,-1.0,-0.09500318116731998,-0.3976970145698977,-1.0,2.3158961915517895
-1.0,0.3094145105959679,-1.0,-0.195332070509892,0.008410669144890193,0.9562007407098319,7.677479782335722
0.03898753954016848,-0.7659253292497115,-0.2694563648042617,-0.5307221820284176,-0.1709150548418985,-1.0,4.639941718192955
-1.0,-0.198387974500305,-0.024415634736742575,-0.031961147681566215,0.6602119926917581,1.0,3.3397425950341484
0.9912793079274105,1.0,-0.36433680510637634,0.20403263361774326,0.8189222636856492,-1.0,1.2563905020396513
0.7730329657095644,0.8374853761626846,-0.08714750714483604,1.0,-1.0,-1.0,9.537622156187364
0.737012527910254,1.0,-0.3261821712955298,1.0,-1.0,-1.0,10.207144458944786
-0.9980546275215739,-0.9957630405807074,0.12633034011393798,-1.0,1.0,1.0,1.8092920050144612
1.0,0.30028443016867445,0.3556735403376907,0.03611303562422152,-0.027044967983942847,-0.2160293313383535,0.46338965770411583
-0.7523881521709117,0.8694276066836298,-1.0,-0.003150089186591801,-0.1156806168759883,-0.4421894194057609,2.7390860227167884
0.7212974102766689,1.0,1.0,1.0,1.0,1.0,-7.221088736704881
-1.0,-0.7652672228725181,0.1513743770492615,-0.8663901568478753,0.9235227348944834,1.0,2.966139115966338
1.0,-0.7776850513206225,1.0,0.7810905324286981,-0.8376855351079942,0.23256117510537772,6.849800303838508
0.03728756723503768,-0.8769793361103134,-1.0,0.4183097251063712,0.3853079019625608,-0.2060736018872511,-1.496523458119489
0.17315550947287917,-0.1591254293322255,-0.0011805661699714753,-0.13662015843912967,-1.0,-1.0,2.4573724856880994
1.0,0.16117187324828638,0.08735355791654148,-0.22643686892559345,0.4521198875801917,0.10424967987573319,-1.3607564032187578
-0.46871359703363225,-1.0,-0.9934189253777712,-1.0,-1.0,0.1602821120932206,-1.2080963218736498
0.8457659595694155,-0.3971055884119109,0.7561329331281305,-0.07964985005607905,-1.0,-0.7800229508658238,5.907030737961721
-0.20843802721488847,0.37538235359301064,0.5906880574168302,0.26268501212667517,0.24329862985455084,-0.6730940831360093,1.7246981558273227
-0.44541851408002003,0.48088454295372873,0.9459813003441124,0.7881196631973302,0.4666499825078596,1.0,-1.8615416893603085
-1.0,-0.7139431039628924,0.7275037671055228,-1.0,-1.0,0.056456967844811655,0.3736973652712604
1.0,0.21816015694658297,0.8664448944358063,0.19242136018450906,-0.6378696796715271,-0.2774230299488676,2.4286853352532187
-0.06454602253090501,-0.617008922583301,0.17467146906438008,0.4177932928316865,-0.8161384864685717,0.07091798790120996,0.5320616313648104
0.8298170016943841,-1.0,-0.18441668324067484,-0.957439969604365,0.2379305698189585,0.8845957014412231,-2.2869186058161364
0.008184178743998238,0.17726933806706524,-0.7160909675936264,-0.4269467267865237,-0.5229671000959881,-0.6363876666571135,-0.5218008271188297
-1.0,0.282510296621582,0.4118218033444039,0.2456223793407557,0.08400626359287455,-0.1635447115285225,1.102016259444867
-0.969672763388948,1.0,-0.8208423837928671,0.4623000003624289,-0.2389783862834851,-1.0,7.509552742464079
1.0,0.11508869971169844,1.0,0.671263677431168,-1.0,1.0,3.0185454850983713
0.9932244892103688,1.0,0.5158707798212272,-0.012673202679402168,0.8439975550394556,-1.0,-1.019602126967624
-0.3755628799106887,-0.977383958834884,0.3588683830961911,1.0,-1.0,-1.0,3.7438511006327433
-1.0,0.40123939302022976,-0.5898184767113243,-0.19494778722400197,-1.0,-1.0,-1.7041814159165423
-0.5516241724691271,0.37302979940781583,-0.585768319836563,0.8920586078348111,0.3229355111706026,-0.9171986246027422,2.1461416690904507
-0.44092230008051037,1.0,0.7065844480982667,-0.27566986746828726,1.0,-0.48952333011098065,-0.21566277326876762
-0.8978497181225527,0.6244778684696423,-0.1731240977187235,-0.2901767106494706,-0.22268286560929468,-1.0,1.2717784628217292
0.421612059078571,1.0,0.8031098999154664,1.0,1.0,0.10261539992389357,-5.491004780595597
-0.33941243877142174,-0.5817584907845565,0.21531168500695796,0.39227588727050067,-0.4421434595109621,-0.08444302912444311,-1.2128263536285604
0.7431261654328671,0.9172010203115069,-0.48316669754642577,1.0,-0.3957404865815817,-1.0,6.857174244017711
-0.6980984461699141,-1.0,0.6879022495817798,0.8907428137525959,-1.0,-0.5574907853604538,1.5953703606170953
-0.8332301632703962,1.0,1.0,0.4804565707687547,-1.0,-0.934573187606526,-2.6781543679853503
-1.0,0.7017795967105159,-1.0,0.33042624439300494,0.11555373114536638,0.9206720180761305,8.658184414598256
-1.0,-1.0,-0.09619164025358595,-1.0,-0.6190152909274158,-0.9438394287539774,4.103835278729307
-0.13546765434979935,1.0,1.0,0.263813861982941,-0.7403697536575966,-0.2706033644923509,-2.315432108826627
-1.0,0.45267135776091644,-1.0,-0.8971405551710647,1.0,1.0,11.32025767748372
0.5661274041880984,0.7361006010498714,-0.5654744721969598,0.07203757506701647,1.0,0.5961281994905232,0.7331855711568521
0.5946177328586254,0.9166104905723148,-1.0,-1.0,-0.8660913128628045,0.5916715307382063,7.70543121889578
-1.0,0.013870898361660638,-0.3092072323362327,-0.881240710679923,-0.49875988595922965,0.4531837741723611,-1.7015467976839997
-0.3871355076134798,0.6035994937609147,0.8295699740470367,0.3448772303875812,-0.5578489265634161,-0.6908871539468298,0.5364339221547352
-0.7901155720918162,-0.7881156353032939,-1.0,-0.434525136788946,1.0,0.3267998501087661,-2.6559877729589254
-1.0,-1.0,-0.08422367082069504,-1.0,0.9882975935227525,-0.8481219728778356,6.543731458783412
0.37663673974563366,-0.432685735136109,-1.0,-0.6351661427362125,-1.0,-1.0,3.034476732891492
-0.13458825857319634,-0.2387373932573555,-0.6502775943134234,0.3535916013206318,1.0,0.47354741917577325,0.741191942246441
1.0,0.2305878321011774,1.0,0.26938997561024114,-0.0832818561479367,-1.0,4.286110977139721
0.2258511257707172,1.0,1.0,1.0,0.6433890134685447,0.5507845119534063,-7.037243401418345
-1.0,-0.7250457356215383,0.18324969535693614,0.28511750053810103,-0.9430446039065494,-1.0,-0.14891619238384157
-0.20669224150576926,-1.0,-1.0,0.14340082191101922,-0.8397085522800809,-0.323252748378344,-2.820750105303717
1.0,1.0,0.16102436444489765,1.0,0.6186578444298052,0.10212819220957581,-1.994863381590437
1.0,-0.09573518211143162,0.05319736497037275,-0.8800605268733932,1.0,0.2641098533509413,-2.2352525154458567
-0.5859717858577138,-0.24888934070735358,-0.0620645130187249,-1.0,-0.715371890987393,-1.0,1.53427793022728
-0.6213409861972923,-0.5094758495033075,-0.4456189250704202,-0.6784127286500337,0.3181513094123386,-0.11222396699175022,-0.2329259370466085
1.0,1.0,0.7275063708565093,1.0,-0.0556631968573818,0.3890159359698311,-1.475696729792007
0.08460688960601892,0.05452987129002107,0.44907558915932666,-1.0,-0.8521527347345271,0.3182936086146788,1.2932249923808228
-0.7401465885502688,0.5406552271560975,0.3340602428680494,-0.5640528244417367,1.0,0.9281759116759347,4.99243450145976
1.0,1.0,-0.08655803236286419,0.12439163462921204,-0.18690941491455115,1.0,3.949767450103607
0.13056169782473181,-0.6743199436237075,1.0,-0.015843214087739865,-0.026587254151562156,-0.5458456131831229,3.877270098516405
-0.8887248329892385,-1.0,-0.32424361484891406,-0.39696880158800996,-0.01609794466915415,-0.5957530813087919,1.3411110905137917
-0.3876735593500019,0.2872105340043789,0.9216855087655875,-0.8843066774043635,-1.0,0.37847874867166453,-0.7157076512353067
-1.0,-1.0,-0.6495023191717668,-0.8625893516871685,0.024305485382012174,-0.3346079984406795,-2.131636865562944
0.4111531278461907,1.0,-0.7092498216792154,-0.2459849210698094,-0.11454841911079261,0.14045873425368804,2.783291721721987
-0.016393566476812504,-1.0,-0.22393698822034114,-0.5566403245250671,-0.18307707492448522,0.00939408414529199,-1.014168307427975
-0.5996122170105275,-0.17654823880038767,-0.23123110129386804,-0.40475661993893763,0.3698318455810091,-0.05033982700321249,0.7492894495120561
-1.0,-1.0,-1.0,-1.0,-0.7413545388846662,-0.7439731622961105,0.5098820180780309
-0.37814224067667257,-1.0,0.3082479994679384,0.24601395830260692,0.09830181945130806,0.5093530383620873,0.36354178315046803
-0.573750511052244,1.0,0.04054902093264945,-0.16921097257591355,0.5611253471450318,0.0723029235027145,0.6796373592289129
-1.0,-1.0,-0.6205641697332515,-0.1785544988640304,1.0,0.6510893111976435,0.001891959194575299
-0.044525324495504615,-0.7624522819421253,-0.7751785321780297,-0.45998718218630197,1.0,0.668843857619067,-0.13464796319974537
0.6243277492027052,-0.9090084727372046,-0.9658203554618084,0.1969231074206801,-0.10197935726022744,-0.2880015714666204,-0.47901135428886454
-0.252904761983088,-0.9801578065799328,0.3349247214238605,-0.41038797067489885,-0.8900536664930516,0.7406204049465677,0.9811112267749803
-0.8270154420819693,0.10599627928339339,-1.0,-0.4680497106926248,-1.0,-1.0,0.8803375482271375
-0.18197242093493782,-0.4812196613686168,-0.9072701351069286,-1.0,0.06988363032500178,1.0,3.8150565848761673
0.3153725712179208,1.0,0.34508040553523767,1.0,0.27081692088916315,-0.23539128260672998,-1.6822255230112586
1.0,1.0,1.0,0.2854540152594922,-0.6029140194987417,-0.7605499962525749,2.3177969019947597
-0.8124874781159229,-0.12677316928042834,-0.9625373579768256,-0.11838135247598791,0.10758046455200487,0.20448973966244138,-0.4482503775503621
-0.8707787996804183,-0.7118770022794287,-0.6766808097959872,-0.10610565038071362,1.0,0.9252032588370442,4.73185655877504
-0.0013989373051334075,-0.06665006858124078,-0.2644921742268819,-0.08831761444651964,1.0,1.0,4.934777401497187
0.4265787437137887,0.7706587627217216,0.3608570222076837,0.8092805046080178,-0.9905477467502334,0.578098826903719,2.3519106485206462
0.5069529952252102,1.0,1.0,-1.0,0.9694746489078474,0.3480819986516214,-1.5432087554505791
-0.622722075745864,-0.2797976817015637,-1.0,-1.0,-1.0,-1.0,1.8107752882036594
-0.02248049441452671,-1.0,-0.30665727242615637,-0.14520183642562234,-0.8277907046694323,-1.0,3.3851350187871145
0.5790549752394318,1.0,1.0,0.971487212437913,1.0,-0.5652782813821807,-5.195666500968917
-0.9221488472607398,0.05637975936988413,-1.0,-0.049791630988069685,-0.9574551599480123,0.3624772427725634,-2.279130820013971
-1.0,-0.325474245870051,0.3820308387893052,-0.7246410779622943,-0.16811729121757346,-0.9338090901002749,2.113514907176521
-1.0,-0.7968777697553064,-0.8490266621567684,-1.0,1.0,0.5857803986210536,-2.1863764531046144
-0.43846814283044033,-0.870296559777178,-0.0033626626306851315,0.6791869329299325,-0.8372934810169308,-1.0,2.1823473474694906
-0.2491493655237328,-0.2805561637450692,-1.0,-1.0,0.1533732343404366,1.0,4.808599328370303
-0.597809961099101,1.0,0.19340378917511125,0.8907868380062598,1.0,1.0,4.524313483108238
-1.0,-0.5098227896722078,-0.21830427650532447,-0.38082337959277623,-1.0,-0.5239935776403397,-0.7389593354600246
-0.04966635941220621,-0.05563025732666693,-1.0,-1.0,-0.8054834859691707,0.743873532945314,2.9875828306977565
-1.0,-0.7512529281241561,-1.0,0.5657142090859416,0.5154955362717556,0.8422245078331618,2.9988281894019906
0.7969243264157401,-0.19064134423511814,1.0,1.0,1.0,-0.016943657700182913,-4.113627524799266
-1.0,-1.0,-1.0,-0.16938335177198616,-1.0,-1.0,-1.3641724851478878
0.9341154580964178,1.0,1.0,-0.5322667133131962,0.0408321984480684,1.0,-2.5623947303414387
-1.0,-0.14918888427871269,-0.7359732687529598,-0.49486604001225976,-0.9462052260031495,-0.34016577028522077,-2.4544750354424254
0.3413119867984311,0.7505538630560387,0.8745265565100246,1.0,-0.7210407229886464,1.0,-2.2965485357765023
1.0,-0.38633748875949314,1.0,0.14238713829858185,-1.0,-1.0,9.413406672211176
-1.0,-0.5411165071744238,-0.9544063659560797,0.17209950594037976,0.8851336853199455,0.10390601688633627,-1.7200155785844098
0.026701571187626505,-0.8129002739476352,-0.7614079353684602,-0.22168459422304343,0.4768853329137639,-1.0,1.8122214792781115
1.0,-0.5134845751047947,-0.22034743598278378,0.08615736025926948,-1.0,-1.0,6.799332719617251
-0.43793563249655043,-0.6031110240423971,-0.2991708683683695,-0.27848915831472104,-1.0,-1.0,0.7424148152773798
0.13835380283293724,1.0,-0.05314623370619864,-0.18691525909989135,0.6307699305374743,-0.4930271340808537,-0.6599614499047507
-0.7917756299422638,-1.0,-0.12558133236138636,-1.0,-0.45495848700698005,-1.0,6.080798251428792
0.142405706782883,1.0,1.0,0.5752432554071714,1.0,0.333944763581014,-4.364435940477852
-0.7894844524364706,-1.0,-0.996979793390066,-1.0,-1.0,-1.0,5.397657309774804
1.0,0.33082401296805264,0.2913940180005944,-0.193534705363441,0.28680493534025486,0.8268184528177329,-0.991990943049577
-1.0,-0.5543603412739422,-0.002577724254424041,-1.0,-1.0,-1.0,3.230704868758303
0.9763512950887634,0.16366794677234386,-0.6321679089663763,1.0,1.0,1.0,0.8597274831258022
-0.4457076491355072,-1.0,-0.553277212996752,-1.0,-1.0,0.3520047428593803,2.4431522300847894
0.6205468521067223,0.23081923068941723,0.2171126680088742,0.08390074286151816,-1.0,-0.8518849198203701,3.663935443983014
-1.0,-0.04617367770908709,-1.0,-0.4736329339633514,1.0,0.9434038205116032,8.364430134160527
-0.9511916854983026,0.04431470730216147,-1.0,0.8640002954600463,0.024970131010515928,1.0,6.413609032898552
1.0,0.0030440359209329138,0.8377703724181094,-0.6693183842703659,-0.6296314519472945,-0.8853575956652228,6.4671215288212665
-0.759091005520162,0.23860270232874756,0.3009330864730191,0.36548103849799685,-0.33677668682944395,1.0,-0.5244840026689251
-0.16346609631132414,-1.0,-1.0,-1.0,1.0,-0.5122643619685032,-3.1267202113536707
-0.5977926130877076,-0.4753096140776757,-1.0,-1.0,1.0,0.17569033695703418,-1.0202424907184207
-0.04110836746709873,-1.0,-1.0,-0.5149760161191426,0.6969775240099312,0.44156420850876044,-3.649110681982315
-0.6839018958888946,-0.34148739960085134,-0.791750281817948,0.6831672121729211,0.17126439522659842,0.6928516381818343,2.169306332307089
0.0802864680657488,-0.3818123775314344,-0.35163861930822227,0.11513619505398026,-0.8288790023516397,0.2539110586296218,0.39355441674646685
0.1393360778760584,-0.5235884088644314,0.2585506490818896,0.7740269722596583,-0.11468039942627761,1.0,2.4042023971819617
-0.31585571609421376,0.4874157422951001,-0.11019315140046293,-0.23599061010101263,0.8952782326044809,1.0,6.238460973249033
-0.6379178218670629,-0.9544423268690452,-0.10014355198973601,-1.0,-1.0,-1.0,6.6461070705271545
0.4179342738773111,0.32024228082154205,-0.2548013347858503,-0.4816925318405596,1.0,0.8391557985966278,1.7137013546758975
0.09088633058478507,0.1711329948199385,1.0,-1.0,1.0,1.0,-1.1786067971919865
0.6489169399110059,-1.0,-1.0,-0.7406325578839701,0.9957635437733368,1.0,-4.002179119081892
0.41139470159826985,-1.0,-1.0,-0.32957441348743666,-1.0,0.1682234066583813,0.09570581015975888
-0.9757570501896529,0.5033637362592472,0.3402807905822268,-0.6814625875805619,0.9828060856885475,-0.6042258602412909,4.309436671932271
1.0,1.0,-0.406807637248747,0.05230358712389638,-0.08152120363713827,-0.9907179879970307,3.366938614414052
1.0,1.0,0.38472322250450075,1.0,0.4989419545201852,0.051482416969620415,-2.257622167998096
1.0,1.0,0.22093793494517444,0.23214531701368046,-0.5117919091704842,0.6278326487122418,1.9074905816154648
-0.20360385563017544,0.9266362415805071,-0.08452352868209603,-1.0,-1.0,-0.4093164484645625,2.2486124339869686
0.2380146590589398,-0.17372882684881774,-0.8375141025090662,-0.22855915735982468,1.0,0.735911944525419,1.9293740250826048
-0.2870272380826393,-0.3567055213225384,1.0,0.03578568257925413,0.8018811752181947,1.0,-1.63810098065492
0.24320644673643055,0.669180049281177,1.0,0.1551084456021865,-0.3477924461563491,-0.8215988306729229,-0.23824720231724994
0.08347163753951892,-1.0,0.8074575928791499,0.34403601811045104,0.642024278278691,-0.25834925499488115,2.66733129373321
0.11026028056719384,0.6342167134550537,1.0,-0.13784837478314527,-0.6703637643519855,-0.2268270837214587,-0.4087965313973359
0.029243573877783757,0.3380211164378648,-1.0,0.4743539591940944,0.32689539248918975,-0.07623488203151918,0.6880510613658094
1.0,0.0633201474639975,-0.2363105913783775,0.8024128487991675,-1.0,0.7096545705722779,4.925480853847661
-0.1253068398792383,-0.3376222502732058,-1.0,-1.0,0.7213547108540224,-1.0,3.879291644335304
-0.7434220906335418,-0.6696689828860114,0.3754616503747469,-0.9758856800798854,-0.14404253874660228,0.789216631406167,-1.9134254470034846
-0.8765142516221177,-0.524445158635208,0.4909857047556378,-0.125356122238245,-0.9963273994711287,-0.2575151282273744,-1.9025121997665386
1.0,0.24390203974204705,0.8902715944231151,0.26035122318204,0.6206629450710054,-0.06271233866317272,-0.5459131929757475
-0.2610168738650229,0.7492442331403564,0.5144323018051561,0.7675817293273998,-0.6731748580131314,-0.04484194776890227,-1.3656173274893009
-0.06135202977161669,0.27155053475291635,-1.0,-0.9786786387240771,-0.1895948671149214,0.23051402845087257,-1.0371841940965145
0.6822457865511116,0.17416017524297867,0.47849175418574097,1.0,1.0,0.8574688601229404,-0.3879621184636065
-1.0,-1.0,-1.0,0.3682342820886662,0.6748621520374427,1.0,3.895555853224957
-0.13971978352518333,-1.0,-1.0,-1.0,-0.3790611777066719,-0.6932600193686522,0.18359944731995317
-0.21546354798645917,-0.6623104224548769,-0.6045780219501994,-0.9181049148406889,0.6685337479943754,0.680577086560227,-1.0621257148798264
0.08412668786210992,-0.7577729827234156,0.37143292710479126,-1.0,-1.0,0.7610376796839013,5.3336436472317486
-1.0,-0.5252190107406662,0.4507996413561445,-0.40042061384064354,0.39173158685618015,-0.14712882491711135,1.7406136298156762
-1.0,-0.2978188240416584,-1.0,-0.22527773616678404,0.03337051365781096,1.0,6.103900762635051
1.0,-0.554041107762206,0.948758438860029,0.926852933028294,1.0,0.6811646792806036,-4.998080679900334
-0.18208685462602947,1.0,1.0,0.7268894838800768,0.0053960847892029,0.17338496246358803,-3.292367507568951
-0.9792250419183516,-1.0,0.4804114592908496,1.0,0.30780341866135524,-0.3899946346030525,0.14725254609183958
-0.11633267258768765,-1.0,-0.26483907800593864,-0.3423741928649018,1.0,1.0,1.869381674851185
-1.0,-1.0,-1.0,-1.0,1.0,1.0,-0.45590438248712406
-0.03489867623259724,-0.627800266459523,-1.0,0.013790356311148,-0.11639942054958174,0.6010801931492707,1.645361105059441
0.952733323819041,1.0,-0.5343488266741454,-0.6226955863715127,-1.0,-1.0,5.79915363282654
-1.0,-0.4773128352124326,-1.0,-0.15547355414700503,0.00397050362134177,-0.28906416537861096,-1.4613225805133623
-1.0,-0.47269510912451307,0.809091636034548,-0.6344268463583087,0.8849565112476361,1.0,-0.905690185717478
-0.169063092163855,-0.41260354485165357,-0.6452180384960879,0.6050666966421082,-0.9054433649556031,-0.06250703846573216,0.5528561426894714
1.0,1.0,0.5474610051975434,1.0,0.2788627122002092,0.8980569525290238,-1.8151815909272835
1.0,0.013439556945332276,-0.4559188372395652,-0.6274744783118804,-1.0,-0.938716823197565,5.298022027969653
-0.25649499720443886,0.14177350051949178,-0.6688682149721886,0.6613998081688397,-0.16802017563780147,-1.0,1.4555475805102982
0.350901075321128,0.27780378287474905,-0.07808298234563615,-0.10725049269168663,1.0,0.9900037085308957,2.5334171740806783
-0.3713609185886153,0.42010113908558144,0.42475006985249864,0.6973050023739771,1.0,1.0,4.335658324516337
0.872029177744877,0.7505680158446384,0.10794661422086838,0.953642800561546,-0.3423076763199757,0.756595744806115,2.929293300483911
0.49996194124359844,-0.9800738590450403,0.42998911498485415,0.8337696755052577,-0.7852856514461185,-0.2464123701158597,4.6567915245399165
-0.26263177910667324,-0.03977051642978058,1.0,0.7355020560857297,1.0,1.0,0.8357540463310803
-1.0,0.8376518508789552,0.8431134618521718,0.34894125277473054,0.868581270867566,-0.5424857028591392,-0.28491127849851217
0.7412337349391369,0.6382049333697581,1.0,-0.03128445389024237,-1.0,-0.667713966033281,2.250861794055769
-0.9272943909756088,-0.03924077772571108,-0.7623137717489097,-0.6784549971425612,0.40654389569490035,1.0,6.027827491097475
0.06592632858707159,-1.0,-0.8805378756958192,-0.33254936351155606,0.49538383502781047,-0.36014351562277325,-1.7380334632897396
0.763474557789309,0.8899857375731322,0.8374177422185565,0.6849517838113843,1.0,0.03529264057391679,-4.673847328677985
0.9863925852518118,0.07743849566908642,-0.09424472191010613,-0.8234107882155035,0.1723970323640166,-0.8843839466620127,3.2147793120664154
-1.0,0.46235079929982176,0.5654754379899096,0.2213400704484036,-0.020607956181402542,0.2784721973418634,-1.2900205897126693
-0.4401406007902951,0.3652205807668192,-0.4896051569149559,0.011700398118619004,0.09466009389546273,-0.12988149387944947,0.9241898551341705
0.06554294112706827,0.9718074709459399,-0.9095288927080588,-0.7387942456949801,0.6531639388879853,0.38540501977151453,4.302383802786764
0.530897204840656,-0.9642892350732959,-0.46103424736312737,-0.1451542495172049,1.0,0.5783124582333804,-2.1927184460738487
0.006471655263595971,-0.2802072638427032,-0.09665207858795422,-1.0,-0.529420595206807,-0.15692466157472917,1.4907843939088368
0.33900801763081767,1.0,-0.30701170398728117,-0.03917797025928993,1.0,-1.0,0.2997119065304079
-1.0,-0.5537988538038405,-1.0,-1.0,-1.0,-0.09025799031261938,-1.8171881955436469
0.7252458087616747,1.0,0.3154112280920473,-0.0032374977083942102,1.0,0.05951760950434326,-1.6555465710342228
1.0,0.7584063183703553,-0.10289539319702135,-0.19946476117420503,1.0,0.008216866748206986,-1.7854671565469904
-0.04534301676775465,-1.0,-0.19771238004356606,-1.0,1.0,0.8704413881328157,-0.11841491247180766
-1.0,-0.7076596834362912,-1.0,-1.0,-0.472105180377142,0.11386455578050758,-3.434024137100382
-0.7933261550950594,-1.0,-0.09317121495180414,0.058911502678195116,-1.0,-0.5144038044080731,0.770779572199717
1.0,1.0,1.0,1.0,0.35678082931263955,1.0,-7.44041982730271
-0.23050865325063094,-0.1593176611614903,-1.0,-0.7685301949992475,-0.13138919727484477,-0.8105103314682222,1.2417412088492545
-1.0,-1.0,-1.0,-1.0,0.4945912536581073,-1.0,2.5718179102360765
1.0,0.4715659861527992,1.0,1.0,-0.3960027634840854,0.7934287155550023,-1.085544932961975
0.8167961014714308,-0.6260127168397684,-1.0,-0.04781980900430749,-0.0017976100034414744,-0.4099895945330411,-0.16037755316975283
-1.0,-0.5700113748334835,1.0,-1.0,0.4054240816288812,0.7365657295097015,-3.908056999289498
-0.17728308594653153,-0.44591956103042635,-0.6418462474768531,-0.5201901547738592,-0.22762898660889164,-1.0,3.83644559743739
0.3779745157040306,0.46292218301798516,0.8639267651721009,1.0,0.15543394825288376,0.007912586150042783,-1.4684241104915148
-0.3324123794450271,-1.0,-0.5270112465501102,-1.0,0.760182588500316,-0.13696852662746978,-1.9698121177650045
-1.0,-1.0,-0.11744750005647897,-1.0,1.0,1.0,2.010010547680674
-0.7521040662635711,-0.4013923670722489,-1.0,-1.0,-0.2058282904477847,-0.22477805012257246,-1.7157853171292166
-1.0,0.19217534432747985,-1.0,-1.0,0.16333482889000667,0.7295097249336158,3.631572241128162
1.0,0.559994374332083,0.6301096704894504,1.0,-0.8137278745172428,-1.0,9.502952750593213
-0.4518263244226681,-1.0,-1.0,-1.0,1.0,0.6330734402813979,-4.7697293276475845
0.9982036130716652,1.0,1.0,0.6007227695256154,-0.3445338407688786,0.9293344690784162,-2.2907345301981716
-1.0,-0.758637488412037,-1.0,0.34768666520959,-0.5257113625399756,-0.9247333128944959,0.6090231622440639
1.0,-0.16596091385772083,0.8959572903781063,-0.5992696674567137,0.8367538553540976,0.6208656214683816,-4.761512186422334
0.09860685533700286,0.3703628886858573,-1.0,-1.0,-0.21306203976981486,0.07789438115802483,0.280290651812251
-0.16457230087980304,-1.0,-0.05411850357824366,-1.0,-0.7996590423776542,-1.0,7.744998475604087
-0.9062987919300238,-0.5950839806532005,-0.20591326517009173,0.503356589306003,-0.5280843840608844,1.0,0.2769897824254447
0.684267433497616,-0.21825400511763698,-0.1980779779188957,-0.9379574639106434,-0.027033298463031485,-1.0,4.645597906070099
0.13995795940681677,1.0,-0.13502228294038826,1.0,1.0,-0.747866848665671,-0.27912270461857025
-0.8584311934921873,-0.5651689570652616,0.14703692545385816,0.9318149457610236,-0.7991505277841211,-0.11333786100059495,0.11596545050578633
-1.0,-0.36466220939093397,-0.19370001149015037,-0.6558193169973967,-0.018103733354991713,1.0,0.5987040277046429
0.03774710248175395,-0.11984822669776835,0.672577161479484,1.0,1.0,0.34307784647331263,-1.3588846609902059
1.0,1.0,1.0,0.8590482848180745,-0.09602798501212484,0.3916874397993921,-3.733875302370513
-0.6307314482125782,-0.11848694400864124,-0.852763523015031,-0.026807975486609403,-0.5219180855504049,1.0,5.2386832117155135
0.12155592156979533,1.0,-0.025372004468452558,0.5815421289981374,-0.35436870385977604,0.6298419363927504,1.3692981298166476
-1.0,-1.0,0.0796729384860203,-0.7637560329072146,-0.4552855860353513,-0.8281649277880643,2.4379216335733602
0.8625769703656516,1.0,0.8189910673268436,0.015167458667703082,-1.0,-0.2940167109291323,2.1968395088734525
